tracker_name,dataset_name,stage,run_id,conf,iou,HOTA (%),MOTA (%),IDF1 (%),ID Switches,MostlyTracked,MostlyLost,FPS,Latency mean (ms),Latency 95 (ms),Peak VRAM (MB),max_dist,max_age,n_init,max_iou_dist,Latency p95 (ms)
deepsort,avenue,1,"conf:0.3,iou:0.5",0.3,0.5,39.31,56.33,45.08,10.0,68.0,6.0,26.4,37.89,53.87,956.0,,,,,
deepsort,avenue,1,"conf:0.3,iou:0.6",0.3,0.6,39.31,56.33,45.08,10.0,68.0,6.0,29.5,33.86,48.54,1031.6,,,,,
deepsort,avenue,1,"conf:0.3,iou:0.7",0.3,0.7,42.29,55.03,48.4,11.0,68.0,6.0,33.3,30.0,43.85,1107.9,,,,,
deepsort,avenue,1,"conf:0.4,iou:0.5",0.4,0.5,42.47,58.65,49.17,10.0,66.0,7.0,35.3,28.3,43.76,1109.5,,,,,
deepsort,avenue,1,"conf:0.4,iou:0.6",0.4,0.6,42.47,58.65,49.17,10.0,66.0,7.0,35.0,28.59,43.88,1184.4,,,,,
deepsort,avenue,1,"conf:0.4,iou:0.7",0.4,0.7,44.43,58.7,52.51,9.0,66.0,7.0,35.7,27.98,43.51,883.2,,,,,
deepsort,avenue,1,"conf:0.5,iou:0.5",0.5,0.5,43.57,60.08,51.18,10.0,64.0,7.0,37.9,26.37,37.24,958.9,,,,,
deepsort,avenue,1,"conf:0.5,iou:0.6",0.5,0.6,43.57,60.08,51.18,10.0,64.0,7.0,38.0,26.31,37.36,1034.5,,,,,
deepsort,avenue,1,"conf:0.5,iou:0.7",0.5,0.7,43.56,60.08,51.21,10.0,64.0,7.0,36.2,27.64,40.44,1112.1,,,,,
deepsort,UCSD,1,"conf:0.3,iou:0.5",0.3,0.5,45.832,47.258,61.05,9.667,14.333,11.833,34.2,29.32,42.44,1637.6,,,,,
deepsort,UCSD,1,"conf:0.3,iou:0.6",0.3,0.6,45.827,47.215,61.025,9.667,14.333,11.833,32.9,30.75,43.3,1718.4,,,,,
deepsort,UCSD,1,"conf:0.3,iou:0.7",0.3,0.7,45.698,46.842,60.878,9.833,14.333,12.0,33.9,29.7,43.54,1941.2,,,,,
deepsort,UCSD,1,"conf:0.4,iou:0.5",0.4,0.5,44.83,44.41,60.258,8.167,12.833,13.167,35.4,28.47,40.49,1715.1,,,,,
deepsort,UCSD,1,"conf:0.4,iou:0.6",0.4,0.6,44.822,44.345,60.22,8.167,12.833,13.167,35.1,28.78,43.06,1637.6,,,,,
deepsort,UCSD,1,"conf:0.4,iou:0.7",0.4,0.7,44.822,44.345,60.22,8.167,12.833,13.167,33.1,30.34,45.22,1637.6,,,,,
deepsort,UCSD,1,"conf:0.5,iou:0.5",0.5,0.5,43.18,42.347,57.778,8.833,12.333,15.167,36.2,27.93,38.9,1493.6,,,,,
deepsort,UCSD,1,"conf:0.5,iou:0.6",0.5,0.6,43.18,42.347,57.778,8.833,12.333,15.167,32.5,33.4,71.39,1418.3,,,,,
deepsort,UCSD,1,"conf:0.5,iou:0.7",0.5,0.7,43.18,42.347,57.778,8.833,12.333,15.167,36.9,27.48,38.66,1717.4,,,,,
deepsort,shanghai,1,"conf:0.3,iou:0.5",0.3,0.5,53.143,54.7,69.927,4.0,8.667,4.0,41.1,24.64,33.52,1116.0,,,,,
deepsort,shanghai,1,"conf:0.3,iou:0.6",0.3,0.6,53.077,54.437,69.81,4.333,8.667,4.0,41.4,24.51,33.54,1037.6,,,,,
deepsort,shanghai,1,"conf:0.3,iou:0.7",0.3,0.7,52.903,54.163,70.35,4.333,8.667,4.0,41.9,24.17,33.38,1116.1,,,,,
deepsort,shanghai,1,"conf:0.4,iou:0.5",0.4,0.5,54.207,58.903,71.26,4.0,8.333,4.667,42.1,23.98,32.91,1037.6,,,,,
deepsort,shanghai,1,"conf:0.4,iou:0.6",0.4,0.6,54.123,58.69,71.16,4.333,8.333,4.667,42.7,23.66,32.96,1043.0,,,,,
deepsort,shanghai,1,"conf:0.4,iou:0.7",0.4,0.7,53.98,58.46,71.64,4.333,8.333,4.667,39.5,26.45,57.35,1037.6,,,,,
deepsort,shanghai,1,"conf:0.5,iou:0.5",0.5,0.5,54.393,60.847,72.027,4.667,7.667,5.333,43.6,23.03,31.25,1191.1,,,,,
deepsort,shanghai,1,"conf:0.5,iou:0.6",0.5,0.6,54.39,60.833,72.023,4.667,7.667,5.333,44.2,22.84,31.27,884.9,,,,,
deepsort,shanghai,1,"conf:0.5,iou:0.7",0.5,0.7,54.363,60.8,71.883,5.0,7.667,5.333,42.8,23.54,31.7,1116.1,,,,,
deepsort,gmot,1,"conf:0.3,iou:0.5",0.3,0.5,20.18,3.06,25.273,49.0,5.875,26.875,48.7,32.41,46.32,2847.3,,,,,
deepsort,gmot,1,"conf:0.3,iou:0.6",0.3,0.6,19.816,2.834,24.622,50.375,6.125,26.75,50.4,32.17,45.73,3000.2,,,,,
deepsort,gmot,1,"conf:0.3,iou:0.7",0.3,0.7,19.544,1.384,24.017,50.75,6.25,26.75,50.5,32.02,46.36,2848.0,,,,,
deepsort,gmot,1,"conf:0.4,iou:0.5",0.4,0.5,17.045,2.105,21.29,38.75,4.75,31.375,55.2,29.93,44.69,2843.9,,,,,
deepsort,gmot,1,"conf:0.4,iou:0.6",0.4,0.6,16.692,1.915,20.705,38.625,5.25,31.375,57.5,29.32,41.77,2847.3,,,,,
deepsort,gmot,1,"conf:0.4,iou:0.7",0.4,0.7,16.485,0.881,20.264,39.125,5.25,31.375,56.5,28.86,41.03,2999.9,,,,,
deepsort,gmot,1,"conf:0.5,iou:0.5",0.5,0.5,15.607,4.428,19.754,25.375,4.5,34.0,56.0,27.72,38.98,2690.1,,,,,
deepsort,gmot,1,"conf:0.5,iou:0.6",0.5,0.6,15.401,4.454,19.433,25.625,4.625,34.0,58.4,27.96,39.29,2765.6,,,,,
deepsort,gmot,1,"conf:0.5,iou:0.7",0.5,0.7,15.228,3.745,19.045,27.625,4.75,34.0,53.5,29.34,41.76,2843.9,,,,,
deepsort,avenue,2,max_dist0.1_max_age30_n_init1_max_iou_dist0.5,0.4,0.7,50.02,34.11,66.67,36.0,65.0,6.0,44.6,22.4,,1355.1,0.1,30.0,1.0,0.5,31.52
deepsort,avenue,2,max_dist0.1_max_age30_n_init1_max_iou_dist0.7,0.4,0.7,50.12,36.36,66.82,33.0,65.0,6.0,44.1,22.69,,890.8,0.1,30.0,1.0,0.7,32.24
deepsort,avenue,2,max_dist0.1_max_age30_n_init1_max_iou_dist0.9,0.4,0.7,50.14,36.66,66.88,34.0,65.0,6.0,44.6,22.44,,970.9,0.1,30.0,1.0,0.9,32.33
deepsort,avenue,2,max_dist0.1_max_age30_n_init3_max_iou_dist0.5,0.4,0.7,50.29,36.71,67.22,37.0,63.0,6.0,45.4,22.02,,1047.1,0.1,30.0,3.0,0.5,31.57
deepsort,avenue,2,max_dist0.1_max_age30_n_init3_max_iou_dist0.7,0.4,0.7,50.42,38.97,67.42,33.0,63.0,6.0,44.8,22.32,,1125.8,0.1,30.0,3.0,0.7,32.45
deepsort,avenue,2,max_dist0.1_max_age30_n_init3_max_iou_dist0.9,0.4,0.7,50.38,38.81,67.31,35.0,63.0,6.0,44.5,22.47,,890.8,0.1,30.0,3.0,0.9,32.03
deepsort,avenue,2,max_dist0.1_max_age30_n_init5_max_iou_dist0.5,0.4,0.7,45.86,40.29,59.03,32.0,58.0,8.0,39.6,25.26,,970.9,0.1,30.0,5.0,0.5,33.77
deepsort,avenue,2,max_dist0.1_max_age30_n_init5_max_iou_dist0.7,0.4,0.7,48.58,41.87,64.36,29.0,58.0,8.0,43.6,22.92,,1047.1,0.1,30.0,5.0,0.7,31.18
deepsort,avenue,2,max_dist0.1_max_age30_n_init5_max_iou_dist0.9,0.4,0.7,48.53,41.66,64.2,31.0,57.0,8.0,43.3,23.11,,1125.8,0.1,30.0,5.0,0.9,32.05
deepsort,avenue,2,max_dist0.1_max_age50_n_init1_max_iou_dist0.5,0.4,0.7,42.33,2.64,57.52,41.0,68.0,6.0,43.2,23.12,,1201.5,0.1,50.0,1.0,0.5,34.97
deepsort,avenue,2,max_dist0.1_max_age50_n_init1_max_iou_dist0.7,0.4,0.7,42.43,5.29,57.62,39.0,68.0,6.0,43.5,22.98,,1279.3,0.1,50.0,1.0,0.7,33.27
deepsort,avenue,2,max_dist0.1_max_age50_n_init1_max_iou_dist0.9,0.4,0.7,42.48,5.96,57.72,40.0,68.0,6.0,43.7,22.87,,890.8,0.1,50.0,1.0,0.9,33.63
deepsort,avenue,2,max_dist0.1_max_age50_n_init3_max_iou_dist0.5,0.4,0.7,42.47,6.57,57.54,40.0,66.0,6.0,44.2,22.61,,970.9,0.1,50.0,3.0,0.5,33.14
deepsort,avenue,2,max_dist0.1_max_age50_n_init3_max_iou_dist0.7,0.4,0.7,42.58,9.23,57.67,38.0,66.0,6.0,42.9,23.31,,1047.1,0.1,50.0,3.0,0.7,34.15
deepsort,avenue,2,max_dist0.1_max_age50_n_init3_max_iou_dist0.9,0.4,0.7,42.56,9.18,57.58,40.0,66.0,6.0,43.9,22.76,,1125.8,0.1,50.0,3.0,0.9,32.61
deepsort,avenue,2,max_dist0.1_max_age50_n_init5_max_iou_dist0.5,0.4,0.7,38.74,12.14,50.38,36.0,60.0,8.0,38.2,26.15,,890.8,0.1,50.0,5.0,0.5,34.12
deepsort,avenue,2,max_dist0.1_max_age50_n_init5_max_iou_dist0.7,0.4,0.7,41.02,14.19,55.07,34.0,61.0,8.0,42.1,23.78,,970.9,0.1,50.0,5.0,0.7,32.99
deepsort,avenue,2,max_dist0.1_max_age50_n_init5_max_iou_dist0.9,0.4,0.7,41.07,14.17,55.11,35.0,61.0,8.0,41.9,23.84,,1047.1,0.1,50.0,5.0,0.9,33.13
deepsort,avenue,2,max_dist0.1_max_age70_n_init1_max_iou_dist0.5,0.4,0.7,37.76,-28.14,51.51,45.0,69.0,6.0,43.9,22.79,,1125.8,0.1,70.0,1.0,0.5,34.18
deepsort,avenue,2,max_dist0.1_max_age70_n_init1_max_iou_dist0.7,0.4,0.7,37.91,-24.3,51.74,42.0,69.0,6.0,43.6,22.95,,1201.5,0.1,70.0,1.0,0.7,34.9
deepsort,avenue,2,max_dist0.1_max_age70_n_init1_max_iou_dist0.9,0.4,0.7,37.98,-23.35,51.86,43.0,69.0,6.0,44.8,22.34,,1279.3,0.1,70.0,1.0,0.9,33.8
deepsort,avenue,2,max_dist0.1_max_age70_n_init3_max_iou_dist0.5,0.4,0.7,38.02,-22.16,51.81,43.0,66.0,6.0,43.3,23.09,,890.8,0.1,70.0,3.0,0.5,33.69
deepsort,avenue,2,max_dist0.1_max_age70_n_init3_max_iou_dist0.7,0.4,0.7,38.19,-18.33,52.07,40.0,67.0,6.0,43.3,23.08,,970.9,0.1,70.0,3.0,0.7,34.9
deepsort,avenue,2,max_dist0.1_max_age70_n_init3_max_iou_dist0.9,0.4,0.7,38.17,-18.37,51.99,42.0,67.0,6.0,44.9,22.29,,1047.1,0.1,70.0,3.0,0.9,34.18
deepsort,avenue,2,max_dist0.1_max_age70_n_init5_max_iou_dist0.5,0.4,0.7,34.75,-13.75,45.65,39.0,60.0,8.0,38.0,26.33,,1125.8,0.1,70.0,5.0,0.5,34.67
deepsort,avenue,2,max_dist0.1_max_age70_n_init5_max_iou_dist0.7,0.4,0.7,36.93,-10.79,50.02,36.0,62.0,8.0,42.2,23.71,,1201.5,0.1,70.0,5.0,0.7,34.31
deepsort,avenue,2,max_dist0.1_max_age70_n_init5_max_iou_dist0.9,0.4,0.7,36.97,-10.82,50.05,37.0,62.0,8.0,42.9,23.31,,890.8,0.1,70.0,5.0,0.9,33.62
deepsort,avenue,2,max_dist0.1_max_age100_n_init1_max_iou_dist0.5,0.4,0.7,32.53,-74.96,44.33,47.0,72.0,6.0,42.9,23.33,,970.9,0.1,100.0,1.0,0.5,37.93
deepsort,avenue,2,max_dist0.1_max_age100_n_init1_max_iou_dist0.7,0.4,0.7,32.74,-69.73,44.66,44.0,72.0,6.0,43.0,23.23,,1046.4,0.1,100.0,1.0,0.7,38.38
deepsort,avenue,2,max_dist0.1_max_age100_n_init1_max_iou_dist0.9,0.4,0.7,32.81,-68.36,44.81,45.0,72.0,6.0,43.2,23.14,,1124.2,0.1,100.0,1.0,0.9,37.91
deepsort,avenue,2,max_dist0.1_max_age100_n_init3_max_iou_dist0.5,0.4,0.7,32.99,-64.35,44.93,46.0,70.0,6.0,42.7,23.42,,1199.3,0.1,100.0,3.0,0.5,37.79
deepsort,avenue,2,max_dist0.1_max_age100_n_init3_max_iou_dist0.7,0.4,0.7,33.21,-59.15,45.31,43.0,70.0,6.0,42.4,23.59,,1276.3,0.1,100.0,3.0,0.7,37.34
deepsort,avenue,2,max_dist0.1_max_age100_n_init3_max_iou_dist0.9,0.4,0.7,33.2,-59.19,45.24,45.0,70.0,6.0,42.5,23.53,,890.8,0.1,100.0,3.0,0.9,37.67
deepsort,avenue,2,max_dist0.1_max_age100_n_init5_max_iou_dist0.5,0.4,0.7,30.42,-52.09,40.16,42.0,64.0,8.0,37.0,27.01,,970.9,0.1,100.0,5.0,0.5,36.96
deepsort,avenue,2,max_dist0.1_max_age100_n_init5_max_iou_dist0.7,0.4,0.7,32.4,-47.96,44.13,39.0,65.0,8.0,39.6,25.25,,1047.1,0.1,100.0,5.0,0.7,37.4
deepsort,avenue,2,max_dist0.1_max_age100_n_init5_max_iou_dist0.9,0.4,0.7,32.43,-47.98,44.16,40.0,65.0,8.0,40.5,24.68,,1125.8,0.1,100.0,5.0,0.9,36.95
deepsort,avenue,2,max_dist0.2_max_age30_n_init1_max_iou_dist0.5,0.4,0.7,44.5,57.01,52.35,10.0,66.0,7.0,37.1,26.94,,1201.5,0.2,30.0,1.0,0.5,42.44
deepsort,avenue,2,max_dist0.2_max_age30_n_init1_max_iou_dist0.7,0.4,0.7,44.52,57.49,52.11,10.0,66.0,7.0,37.7,26.54,,890.8,0.2,30.0,1.0,0.7,41.81
deepsort,avenue,2,max_dist0.2_max_age30_n_init1_max_iou_dist0.9,0.4,0.7,44.52,57.49,52.11,10.0,66.0,7.0,37.7,26.53,,970.9,0.2,30.0,1.0,0.9,43.24
deepsort,avenue,2,max_dist0.2_max_age30_n_init3_max_iou_dist0.5,0.4,0.7,44.42,58.24,52.76,9.0,66.0,7.0,37.6,26.62,,1047.1,0.2,30.0,3.0,0.5,42.56
deepsort,avenue,2,max_dist0.2_max_age30_n_init3_max_iou_dist0.7,0.4,0.7,44.43,58.7,52.51,9.0,66.0,7.0,37.3,26.83,,1125.8,0.2,30.0,3.0,0.7,42.15
deepsort,avenue,2,max_dist0.2_max_age30_n_init3_max_iou_dist0.9,0.4,0.7,44.43,58.7,52.51,9.0,66.0,7.0,37.6,26.57,,1201.5,0.2,30.0,3.0,0.9,42.3
deepsort,avenue,2,max_dist0.2_max_age30_n_init5_max_iou_dist0.5,0.4,0.7,42.33,57.81,49.45,10.0,65.0,8.0,36.2,27.59,,890.8,0.2,30.0,5.0,0.5,41.72
deepsort,avenue,2,max_dist0.2_max_age30_n_init5_max_iou_dist0.7,0.4,0.7,42.32,58.39,49.16,10.0,65.0,8.0,36.1,27.69,,970.9,0.2,30.0,5.0,0.7,42.33
deepsort,avenue,2,max_dist0.2_max_age30_n_init5_max_iou_dist0.9,0.4,0.7,42.32,58.39,49.16,10.0,65.0,8.0,35.3,28.34,,1047.1,0.2,30.0,5.0,0.9,43.48
deepsort,avenue,2,max_dist0.2_max_age50_n_init1_max_iou_dist0.5,0.4,0.7,36.62,48.53,42.46,10.0,66.0,7.0,30.9,32.37,,1125.8,0.2,50.0,1.0,0.5,51.91
deepsort,avenue,2,max_dist0.2_max_age50_n_init1_max_iou_dist0.7,0.4,0.7,36.86,49.3,41.69,10.0,66.0,7.0,29.8,33.55,,1201.5,0.2,50.0,1.0,0.7,52.93
deepsort,avenue,2,max_dist0.2_max_age50_n_init1_max_iou_dist0.9,0.4,0.7,36.86,49.3,41.69,10.0,66.0,7.0,30.5,32.81,,1279.3,0.2,50.0,1.0,0.9,53.1
deepsort,avenue,2,max_dist0.2_max_age50_n_init3_max_iou_dist0.5,0.4,0.7,33.67,49.69,38.95,10.0,66.0,7.0,28.0,35.7,,890.8,0.2,50.0,3.0,0.5,54.7
deepsort,avenue,2,max_dist0.2_max_age50_n_init3_max_iou_dist0.7,0.4,0.7,33.92,50.41,38.17,9.0,66.0,7.0,28.2,35.45,,970.9,0.2,50.0,3.0,0.7,55.17
deepsort,avenue,2,max_dist0.2_max_age50_n_init3_max_iou_dist0.9,0.4,0.7,33.92,50.41,38.17,9.0,66.0,7.0,28.1,35.57,,1047.1,0.2,50.0,3.0,0.9,53.71
deepsort,avenue,2,max_dist0.2_max_age50_n_init5_max_iou_dist0.5,0.4,0.7,33.57,49.32,38.85,10.0,65.0,8.0,29.1,34.34,,1125.8,0.2,50.0,5.0,0.5,52.74
deepsort,avenue,2,max_dist0.2_max_age50_n_init5_max_iou_dist0.7,0.4,0.7,33.83,50.09,38.07,9.0,65.0,8.0,29.5,33.94,,890.8,0.2,50.0,5.0,0.7,52.7
deepsort,avenue,2,max_dist0.2_max_age50_n_init5_max_iou_dist0.9,0.4,0.7,33.83,50.09,38.07,9.0,65.0,8.0,29.0,34.53,,970.9,0.2,50.0,5.0,0.9,54.25
deepsort,avenue,2,max_dist0.2_max_age70_n_init1_max_iou_dist0.5,0.4,0.7,32.8,43.5,37.42,10.0,68.0,7.0,27.3,36.69,,1047.1,0.2,70.0,1.0,0.5,52.19
deepsort,avenue,2,max_dist0.2_max_age70_n_init1_max_iou_dist0.7,0.4,0.7,32.83,44.31,37.22,10.0,68.0,7.0,26.2,38.13,,1125.8,0.2,70.0,1.0,0.7,54.24
deepsort,avenue,2,max_dist0.2_max_age70_n_init1_max_iou_dist0.9,0.4,0.7,32.83,44.31,37.22,10.0,68.0,7.0,26.8,37.27,,1201.5,0.2,70.0,1.0,0.9,53.32
deepsort,avenue,2,max_dist0.2_max_age70_n_init3_max_iou_dist0.5,0.4,0.7,29.87,45.19,34.05,9.0,68.0,7.0,25.8,38.83,,1279.3,0.2,70.0,3.0,0.5,55.28
deepsort,avenue,2,max_dist0.2_max_age70_n_init3_max_iou_dist0.7,0.4,0.7,29.88,46.0,33.84,9.0,68.0,7.0,25.7,38.93,,890.8,0.2,70.0,3.0,0.7,54.05
deepsort,avenue,2,max_dist0.2_max_age70_n_init3_max_iou_dist0.9,0.4,0.7,29.88,46.0,33.84,9.0,68.0,7.0,25.0,39.95,,970.9,0.2,70.0,3.0,0.9,55.78
deepsort,avenue,2,max_dist0.2_max_age70_n_init5_max_iou_dist0.5,0.4,0.7,29.8,44.84,33.96,9.0,67.0,8.0,24.5,40.83,,1047.1,0.2,70.0,5.0,0.5,58.64
deepsort,avenue,2,max_dist0.2_max_age70_n_init5_max_iou_dist0.7,0.4,0.7,29.82,45.71,33.74,9.0,67.0,8.0,25.0,39.95,,1125.8,0.2,70.0,5.0,0.7,55.39
deepsort,avenue,2,max_dist0.2_max_age70_n_init5_max_iou_dist0.9,0.4,0.7,29.82,45.71,33.74,9.0,67.0,8.0,25.7,38.85,,1201.5,0.2,70.0,5.0,0.9,54.28
deepsort,avenue,2,max_dist0.2_max_age100_n_init1_max_iou_dist0.5,0.4,0.7,30.73,36.08,34.78,10.0,67.0,7.0,25.9,38.61,,890.8,0.2,100.0,1.0,0.5,55.72
deepsort,avenue,2,max_dist0.2_max_age100_n_init1_max_iou_dist0.7,0.4,0.7,30.73,36.08,34.78,10.0,67.0,7.0,26.7,37.43,,970.9,0.2,100.0,1.0,0.7,54.76
deepsort,avenue,2,max_dist0.2_max_age100_n_init1_max_iou_dist0.9,0.4,0.7,30.73,36.08,34.78,10.0,67.0,7.0,26.8,37.35,,1046.4,0.2,100.0,1.0,0.9,54.76
deepsort,avenue,2,max_dist0.2_max_age100_n_init3_max_iou_dist0.5,0.4,0.7,28.09,38.56,31.61,9.0,67.0,7.0,24.9,40.2,,1124.2,0.2,100.0,3.0,0.5,56.34
deepsort,avenue,2,max_dist0.2_max_age100_n_init3_max_iou_dist0.7,0.4,0.7,28.09,38.56,31.61,9.0,67.0,7.0,25.0,39.97,,1199.3,0.2,100.0,3.0,0.7,57.15
deepsort,avenue,2,max_dist0.2_max_age100_n_init3_max_iou_dist0.9,0.4,0.7,28.09,38.56,31.61,9.0,67.0,7.0,25.0,39.99,,1276.3,0.2,100.0,3.0,0.9,57.15
deepsort,avenue,2,max_dist0.2_max_age100_n_init5_max_iou_dist0.5,0.4,0.7,28.03,38.24,31.57,9.0,67.0,8.0,25.1,39.85,,890.8,0.2,100.0,5.0,0.5,56.85
deepsort,avenue,2,max_dist0.2_max_age100_n_init5_max_iou_dist0.7,0.4,0.7,28.03,38.24,31.57,9.0,67.0,8.0,25.0,40.05,,970.9,0.2,100.0,5.0,0.7,56.5
deepsort,avenue,2,max_dist0.2_max_age100_n_init5_max_iou_dist0.9,0.4,0.7,28.03,38.24,31.57,9.0,67.0,8.0,24.8,40.29,,1047.1,0.2,100.0,5.0,0.9,57.74
deepsort,avenue,2,max_dist0.3_max_age30_n_init1_max_iou_dist0.5,0.4,0.7,44.53,58.09,54.32,10.0,66.0,7.0,35.9,27.83,,1125.8,0.3,30.0,1.0,0.5,39.95
deepsort,avenue,2,max_dist0.3_max_age30_n_init1_max_iou_dist0.7,0.4,0.7,45.14,58.46,55.75,10.0,66.0,7.0,37.6,26.57,,1201.5,0.3,30.0,1.0,0.7,40.34
deepsort,avenue,2,max_dist0.3_max_age30_n_init1_max_iou_dist0.9,0.4,0.7,45.14,58.46,55.75,10.0,66.0,7.0,38.0,26.34,,890.8,0.3,30.0,1.0,0.9,40.73
deepsort,avenue,2,max_dist0.3_max_age30_n_init3_max_iou_dist0.5,0.4,0.7,44.62,58.9,54.52,10.0,66.0,7.0,35.9,27.84,,970.9,0.3,30.0,3.0,0.5,40.38
deepsort,avenue,2,max_dist0.3_max_age30_n_init3_max_iou_dist0.7,0.4,0.7,45.23,59.26,55.95,10.0,66.0,7.0,38.0,26.32,,1047.1,0.3,30.0,3.0,0.7,40.25
deepsort,avenue,2,max_dist0.3_max_age30_n_init3_max_iou_dist0.9,0.4,0.7,45.23,59.26,55.95,10.0,66.0,7.0,38.3,26.11,,1125.8,0.3,30.0,3.0,0.9,40.05
deepsort,avenue,2,max_dist0.3_max_age30_n_init5_max_iou_dist0.5,0.4,0.7,42.24,58.46,51.2,11.0,65.0,8.0,33.6,29.77,,1201.5,0.3,30.0,5.0,0.5,41.09
deepsort,avenue,2,max_dist0.3_max_age30_n_init5_max_iou_dist0.7,0.4,0.7,43.07,58.95,52.6,11.0,65.0,8.0,36.8,27.19,,890.8,0.3,30.0,5.0,0.7,39.45
deepsort,avenue,2,max_dist0.3_max_age30_n_init5_max_iou_dist0.9,0.4,0.7,43.07,58.95,52.6,11.0,65.0,8.0,36.3,27.52,,970.9,0.3,30.0,5.0,0.9,40.84
deepsort,avenue,2,max_dist0.3_max_age50_n_init1_max_iou_dist0.5,0.4,0.7,35.82,50.13,43.38,10.0,67.0,7.0,32.3,30.93,,1047.1,0.3,50.0,1.0,0.5,45.26
deepsort,avenue,2,max_dist0.3_max_age50_n_init1_max_iou_dist0.7,0.4,0.7,35.82,50.13,43.38,10.0,67.0,7.0,32.6,30.71,,1125.8,0.3,50.0,1.0,0.7,45.19
deepsort,avenue,2,max_dist0.3_max_age50_n_init1_max_iou_dist0.9,0.4,0.7,35.82,50.13,43.38,10.0,67.0,7.0,32.3,30.91,,1201.5,0.3,50.0,1.0,0.9,45.73
deepsort,avenue,2,max_dist0.3_max_age50_n_init3_max_iou_dist0.5,0.4,0.7,35.88,50.77,43.1,10.0,67.0,7.0,32.5,30.8,,1279.3,0.3,50.0,3.0,0.5,45.47
deepsort,avenue,2,max_dist0.3_max_age50_n_init3_max_iou_dist0.7,0.4,0.7,35.88,50.77,43.1,10.0,67.0,7.0,32.3,31.01,,890.8,0.3,50.0,3.0,0.7,46.63
deepsort,avenue,2,max_dist0.3_max_age50_n_init3_max_iou_dist0.9,0.4,0.7,35.88,50.77,43.1,10.0,67.0,7.0,32.6,30.71,,970.9,0.3,50.0,3.0,0.9,45.2
deepsort,avenue,2,max_dist0.3_max_age50_n_init5_max_iou_dist0.5,0.4,0.7,35.81,50.44,43.06,10.0,66.0,8.0,32.4,30.91,,1047.1,0.3,50.0,5.0,0.5,46.85
deepsort,avenue,2,max_dist0.3_max_age50_n_init5_max_iou_dist0.7,0.4,0.7,35.8,50.48,43.05,10.0,66.0,8.0,32.3,30.95,,1125.8,0.3,50.0,5.0,0.7,46.15
deepsort,avenue,2,max_dist0.3_max_age50_n_init5_max_iou_dist0.9,0.4,0.7,35.8,50.48,43.05,10.0,66.0,8.0,32.1,31.19,,890.8,0.3,50.0,5.0,0.9,47.03
deepsort,avenue,2,max_dist0.3_max_age70_n_init1_max_iou_dist0.5,0.4,0.7,33.36,44.77,40.7,10.0,68.0,7.0,29.4,34.01,,970.9,0.3,70.0,1.0,0.5,47.69
deepsort,avenue,2,max_dist0.3_max_age70_n_init1_max_iou_dist0.7,0.4,0.7,33.36,44.77,40.7,10.0,68.0,7.0,29.5,33.89,,1047.1,0.3,70.0,1.0,0.7,47.36
deepsort,avenue,2,max_dist0.3_max_age70_n_init1_max_iou_dist0.9,0.4,0.7,33.36,44.77,40.7,10.0,68.0,7.0,29.5,33.85,,1125.8,0.3,70.0,1.0,0.9,47.4
deepsort,avenue,2,max_dist0.3_max_age70_n_init3_max_iou_dist0.5,0.4,0.7,33.46,45.71,40.25,10.0,68.0,7.0,29.3,34.09,,1201.5,0.3,70.0,3.0,0.5,47.73
deepsort,avenue,2,max_dist0.3_max_age70_n_init3_max_iou_dist0.7,0.4,0.7,33.46,45.71,40.25,10.0,68.0,7.0,29.3,34.19,,1279.3,0.3,70.0,3.0,0.7,47.46
deepsort,avenue,2,max_dist0.3_max_age70_n_init3_max_iou_dist0.9,0.4,0.7,33.46,45.71,40.25,10.0,68.0,7.0,29.4,34.06,,890.8,0.3,70.0,3.0,0.9,47.19
deepsort,avenue,2,max_dist0.3_max_age70_n_init5_max_iou_dist0.5,0.4,0.7,33.42,45.4,40.22,10.0,67.0,8.0,29.4,34.05,,970.9,0.3,70.0,5.0,0.5,48.0
deepsort,avenue,2,max_dist0.3_max_age70_n_init5_max_iou_dist0.7,0.4,0.7,33.41,45.44,40.22,10.0,67.0,8.0,29.3,34.15,,1047.1,0.3,70.0,5.0,0.7,48.19
deepsort,avenue,2,max_dist0.3_max_age70_n_init5_max_iou_dist0.9,0.4,0.7,33.41,45.44,40.22,10.0,67.0,8.0,29.6,33.83,,1125.8,0.3,70.0,5.0,0.9,47.04
deepsort,avenue,2,max_dist0.3_max_age100_n_init1_max_iou_dist0.5,0.4,0.7,31.14,38.39,38.05,10.0,67.0,7.0,28.0,35.71,,1201.5,0.3,100.0,1.0,0.5,52.74
deepsort,avenue,2,max_dist0.3_max_age100_n_init1_max_iou_dist0.7,0.4,0.7,31.14,38.39,38.05,10.0,67.0,7.0,28.2,35.4,,890.8,0.3,100.0,1.0,0.7,52.01
deepsort,avenue,2,max_dist0.3_max_age100_n_init1_max_iou_dist0.9,0.4,0.7,31.14,38.39,38.05,10.0,67.0,7.0,28.9,34.57,,970.9,0.3,100.0,1.0,0.9,49.92
deepsort,avenue,2,max_dist0.3_max_age100_n_init3_max_iou_dist0.5,0.4,0.7,31.27,39.72,37.31,10.0,67.0,7.0,28.5,35.03,,1046.4,0.3,100.0,3.0,0.5,50.97
deepsort,avenue,2,max_dist0.3_max_age100_n_init3_max_iou_dist0.7,0.4,0.7,31.27,39.72,37.31,10.0,67.0,7.0,28.7,34.8,,1124.2,0.3,100.0,3.0,0.7,50.27
deepsort,avenue,2,max_dist0.3_max_age100_n_init3_max_iou_dist0.9,0.4,0.7,31.27,39.72,37.31,10.0,67.0,7.0,28.5,35.05,,1199.3,0.3,100.0,3.0,0.9,50.28
deepsort,avenue,2,max_dist0.3_max_age100_n_init5_max_iou_dist0.5,0.4,0.7,31.24,39.41,37.28,10.0,67.0,8.0,28.3,35.37,,1276.3,0.3,100.0,5.0,0.5,51.84
deepsort,avenue,2,max_dist0.3_max_age100_n_init5_max_iou_dist0.7,0.4,0.7,31.24,39.46,37.28,10.0,67.0,8.0,28.4,35.27,,890.8,0.3,100.0,5.0,0.7,51.75
deepsort,avenue,2,max_dist0.3_max_age100_n_init5_max_iou_dist0.9,0.4,0.7,31.24,39.46,37.28,10.0,67.0,8.0,28.4,35.21,,970.9,0.3,100.0,5.0,0.9,51.54
deepsort,avenue,2,max_dist0.5_max_age30_n_init1_max_iou_dist0.5,0.4,0.7,44.53,58.09,54.32,10.0,66.0,7.0,35.4,28.28,,1047.1,0.5,30.0,1.0,0.5,40.77
deepsort,avenue,2,max_dist0.5_max_age30_n_init1_max_iou_dist0.7,0.4,0.7,45.14,58.46,55.75,10.0,66.0,7.0,37.1,26.96,,1125.8,0.5,30.0,1.0,0.7,42.52
deepsort,avenue,2,max_dist0.5_max_age30_n_init1_max_iou_dist0.9,0.4,0.7,45.14,58.46,55.75,10.0,66.0,7.0,37.4,26.71,,1201.5,0.5,30.0,1.0,0.9,42.0
deepsort,avenue,2,max_dist0.5_max_age30_n_init3_max_iou_dist0.5,0.4,0.7,44.62,58.9,54.52,10.0,66.0,7.0,35.2,28.44,,890.8,0.5,30.0,3.0,0.5,41.57
deepsort,avenue,2,max_dist0.5_max_age30_n_init3_max_iou_dist0.7,0.4,0.7,45.23,59.26,55.95,10.0,66.0,7.0,37.6,26.6,,970.9,0.5,30.0,3.0,0.7,41.79
deepsort,avenue,2,max_dist0.5_max_age30_n_init3_max_iou_dist0.9,0.4,0.7,45.23,59.26,55.95,10.0,66.0,7.0,36.5,27.4,,1047.1,0.5,30.0,3.0,0.9,43.8
deepsort,avenue,2,max_dist0.5_max_age30_n_init5_max_iou_dist0.5,0.4,0.7,42.24,58.46,51.2,11.0,65.0,8.0,32.4,30.87,,1125.8,0.5,30.0,5.0,0.5,43.15
deepsort,avenue,2,max_dist0.5_max_age30_n_init5_max_iou_dist0.7,0.4,0.7,43.07,58.95,52.6,11.0,65.0,8.0,35.3,28.29,,1201.5,0.5,30.0,5.0,0.7,43.04
deepsort,avenue,2,max_dist0.5_max_age30_n_init5_max_iou_dist0.9,0.4,0.7,43.07,58.95,52.6,11.0,65.0,8.0,35.7,28.02,,890.8,0.5,30.0,5.0,0.9,41.66
deepsort,avenue,2,max_dist0.5_max_age50_n_init1_max_iou_dist0.5,0.4,0.7,35.82,50.13,43.38,10.0,67.0,7.0,32.0,31.22,,970.9,0.5,50.0,1.0,0.5,47.52
deepsort,avenue,2,max_dist0.5_max_age50_n_init1_max_iou_dist0.7,0.4,0.7,35.82,50.13,43.38,10.0,67.0,7.0,31.9,31.36,,1047.1,0.5,50.0,1.0,0.7,48.28
deepsort,avenue,2,max_dist0.5_max_age50_n_init1_max_iou_dist0.9,0.4,0.7,35.82,50.13,43.38,10.0,67.0,7.0,32.3,30.99,,1125.8,0.5,50.0,1.0,0.9,47.61
deepsort,avenue,2,max_dist0.5_max_age50_n_init3_max_iou_dist0.5,0.4,0.7,35.82,50.87,42.94,10.0,67.0,7.0,31.8,31.42,,1201.5,0.5,50.0,3.0,0.5,46.78
deepsort,avenue,2,max_dist0.5_max_age50_n_init3_max_iou_dist0.7,0.4,0.7,35.82,50.87,42.94,10.0,67.0,7.0,31.9,31.38,,1279.3,0.5,50.0,3.0,0.7,48.69
deepsort,avenue,2,max_dist0.5_max_age50_n_init3_max_iou_dist0.9,0.4,0.7,35.82,50.87,42.94,10.0,67.0,7.0,31.8,31.48,,890.8,0.5,50.0,3.0,0.9,48.6
deepsort,avenue,2,max_dist0.5_max_age50_n_init5_max_iou_dist0.5,0.4,0.7,35.74,50.51,42.91,10.0,66.0,8.0,31.9,31.39,,970.9,0.5,50.0,5.0,0.5,48.48
deepsort,avenue,2,max_dist0.5_max_age50_n_init5_max_iou_dist0.7,0.4,0.7,35.74,50.55,42.9,10.0,66.0,8.0,31.8,31.49,,1047.1,0.5,50.0,5.0,0.7,48.93
deepsort,avenue,2,max_dist0.5_max_age50_n_init5_max_iou_dist0.9,0.4,0.7,35.74,50.55,42.9,10.0,66.0,8.0,32.0,31.28,,1125.8,0.5,50.0,5.0,0.9,48.48
deepsort,avenue,2,max_dist0.5_max_age70_n_init1_max_iou_dist0.5,0.4,0.7,33.36,44.77,40.7,10.0,68.0,7.0,29.2,34.22,,890.8,0.5,70.0,1.0,0.5,48.69
deepsort,avenue,2,max_dist0.5_max_age70_n_init1_max_iou_dist0.7,0.4,0.7,33.36,44.77,40.7,10.0,68.0,7.0,29.1,34.4,,970.9,0.5,70.0,1.0,0.7,47.9
deepsort,avenue,2,max_dist0.5_max_age70_n_init1_max_iou_dist0.9,0.4,0.7,33.36,44.77,40.7,10.0,68.0,7.0,29.3,34.15,,1047.1,0.5,70.0,1.0,0.9,48.24
deepsort,avenue,2,max_dist0.5_max_age70_n_init3_max_iou_dist0.5,0.4,0.7,33.54,46.38,40.45,10.0,68.0,7.0,28.9,34.65,,1125.8,0.5,70.0,3.0,0.5,48.6
deepsort,avenue,2,max_dist0.5_max_age70_n_init3_max_iou_dist0.7,0.4,0.7,33.54,46.38,40.45,10.0,68.0,7.0,29.0,34.5,,1201.5,0.5,70.0,3.0,0.7,49.4
deepsort,avenue,2,max_dist0.5_max_age70_n_init3_max_iou_dist0.9,0.4,0.7,33.54,46.38,40.45,10.0,68.0,7.0,29.3,34.13,,1279.3,0.5,70.0,3.0,0.9,47.35
deepsort,avenue,2,max_dist0.5_max_age70_n_init5_max_iou_dist0.5,0.4,0.7,33.49,46.02,40.43,10.0,67.0,8.0,29.0,34.44,,890.8,0.5,70.0,5.0,0.5,49.75
deepsort,avenue,2,max_dist0.5_max_age70_n_init5_max_iou_dist0.7,0.4,0.7,33.49,46.06,40.42,10.0,67.0,8.0,29.0,34.47,,970.9,0.5,70.0,5.0,0.7,49.59
deepsort,avenue,2,max_dist0.5_max_age70_n_init5_max_iou_dist0.9,0.4,0.7,33.49,46.06,40.42,10.0,67.0,8.0,28.8,34.71,,1047.1,0.5,70.0,5.0,0.9,49.91
deepsort,avenue,2,max_dist0.5_max_age100_n_init1_max_iou_dist0.5,0.4,0.7,31.14,38.39,38.05,10.0,67.0,7.0,28.0,35.74,,1125.8,0.5,100.0,1.0,0.5,52.63
deepsort,avenue,2,max_dist0.5_max_age100_n_init1_max_iou_dist0.7,0.4,0.7,31.14,38.39,38.05,10.0,67.0,7.0,28.2,35.52,,1201.5,0.5,100.0,1.0,0.7,51.58
deepsort,avenue,2,max_dist0.5_max_age100_n_init1_max_iou_dist0.9,0.4,0.7,31.14,38.39,38.05,10.0,67.0,7.0,27.9,35.82,,890.8,0.5,100.0,1.0,0.9,52.52
deepsort,avenue,2,max_dist0.5_max_age100_n_init3_max_iou_dist0.5,0.4,0.7,31.29,40.39,37.37,10.0,67.0,7.0,28.2,35.4,,970.9,0.5,100.0,3.0,0.5,52.13
deepsort,avenue,2,max_dist0.5_max_age100_n_init3_max_iou_dist0.7,0.4,0.7,31.29,40.39,37.37,10.0,67.0,7.0,28.1,35.56,,1046.4,0.5,100.0,3.0,0.7,51.52
deepsort,avenue,2,max_dist0.5_max_age100_n_init3_max_iou_dist0.9,0.4,0.7,31.29,40.39,37.37,10.0,67.0,7.0,28.1,35.57,,1124.2,0.5,100.0,3.0,0.9,53.5
deepsort,avenue,2,max_dist0.5_max_age100_n_init5_max_iou_dist0.5,0.4,0.7,31.26,40.03,37.34,10.0,67.0,8.0,28.1,35.55,,1199.3,0.5,100.0,5.0,0.5,51.62
deepsort,avenue,2,max_dist0.5_max_age100_n_init5_max_iou_dist0.7,0.4,0.7,31.25,40.07,37.33,10.0,67.0,8.0,28.1,35.56,,1276.3,0.5,100.0,5.0,0.7,52.77
deepsort,avenue,2,max_dist0.5_max_age100_n_init5_max_iou_dist0.9,0.4,0.7,31.25,40.07,37.33,10.0,67.0,8.0,28.4,35.24,,890.8,0.5,100.0,5.0,0.9,51.18
deepsort,UCSD,2,max_dist0.1_max_age30_n_init1_max_iou_dist0.5,0.3,0.5,45.752,39.848,60.608,15.833,15.833,11.5,38.0,26.52,,1716.4,0.1,30.0,1.0,0.5,38.31
deepsort,UCSD,2,max_dist0.1_max_age30_n_init1_max_iou_dist0.7,0.3,0.5,46.045,41.628,61.118,14.167,15.833,11.667,38.1,26.36,,1716.4,0.1,30.0,1.0,0.7,38.83
deepsort,UCSD,2,max_dist0.1_max_age30_n_init1_max_iou_dist0.9,0.3,0.5,46.175,42.283,61.208,13.667,15.667,11.833,38.2,26.4,,1639.0,0.1,30.0,1.0,0.9,38.95
deepsort,UCSD,2,max_dist0.1_max_age30_n_init3_max_iou_dist0.5,0.3,0.5,46.137,43.217,61.582,11.167,15.5,12.333,38.4,26.21,,1639.0,0.1,30.0,3.0,0.5,38.69
deepsort,UCSD,2,max_dist0.1_max_age30_n_init3_max_iou_dist0.7,0.3,0.5,46.188,43.69,61.72,10.167,15.5,12.333,38.1,26.37,,1797.9,0.1,30.0,3.0,0.7,37.96
deepsort,UCSD,2,max_dist0.1_max_age30_n_init3_max_iou_dist0.9,0.3,0.5,46.32,44.332,61.83,9.667,15.167,12.5,38.9,25.86,,1721.1,0.1,30.0,3.0,0.9,38.09
deepsort,UCSD,2,max_dist0.1_max_age30_n_init5_max_iou_dist0.5,0.3,0.5,46.113,45.508,62.483,6.5,13.667,13.333,38.4,26.15,,1721.6,0.1,30.0,5.0,0.5,38.07
deepsort,UCSD,2,max_dist0.1_max_age30_n_init5_max_iou_dist0.7,0.3,0.5,46.047,45.393,62.297,6.333,13.5,13.333,38.6,26.05,,1947.1,0.1,30.0,5.0,0.7,39.07
deepsort,UCSD,2,max_dist0.1_max_age30_n_init5_max_iou_dist0.9,0.3,0.5,46.113,45.517,62.373,5.833,13.333,13.333,38.6,26.04,,1870.9,0.1,30.0,5.0,0.9,38.07
deepsort,UCSD,2,max_dist0.1_max_age50_n_init1_max_iou_dist0.5,0.3,0.5,43.645,31.243,56.662,16.5,16.0,11.333,36.6,27.6,,1792.0,0.1,50.0,1.0,0.5,42.25
deepsort,UCSD,2,max_dist0.1_max_age50_n_init1_max_iou_dist0.7,0.3,0.5,44.058,33.98,57.268,15.167,16.0,11.5,37.3,27.06,,1793.8,0.1,50.0,1.0,0.7,41.68
deepsort,UCSD,2,max_dist0.1_max_age50_n_init1_max_iou_dist0.9,0.3,0.5,44.18,35.138,57.502,15.333,15.833,11.667,37.3,27.03,,1716.4,0.1,50.0,1.0,0.9,41.29
deepsort,UCSD,2,max_dist0.1_max_age50_n_init3_max_iou_dist0.5,0.3,0.5,44.392,37.675,58.095,12.167,16.0,11.833,37.1,27.12,,1716.4,0.1,50.0,3.0,0.5,41.54
deepsort,UCSD,2,max_dist0.1_max_age50_n_init3_max_iou_dist0.7,0.3,0.5,44.39,38.157,57.945,11.167,15.833,12.0,37.2,27.13,,1639.0,0.1,50.0,3.0,0.7,41.83
deepsort,UCSD,2,max_dist0.1_max_age50_n_init3_max_iou_dist0.9,0.3,0.5,44.618,39.377,58.248,10.833,15.833,12.0,37.0,27.28,,1797.9,0.1,50.0,3.0,0.9,40.86
deepsort,UCSD,2,max_dist0.1_max_age50_n_init5_max_iou_dist0.5,0.3,0.5,44.732,42.188,59.613,8.167,14.167,12.833,37.5,26.86,,1717.2,0.1,50.0,5.0,0.5,41.0
deepsort,UCSD,2,max_dist0.1_max_age50_n_init5_max_iou_dist0.7,0.3,0.5,44.677,42.427,59.333,7.5,14.0,12.833,36.7,27.36,,1721.9,0.1,50.0,5.0,0.7,42.77
deepsort,UCSD,2,max_dist0.1_max_age50_n_init5_max_iou_dist0.9,0.3,0.5,44.763,42.77,59.405,7.333,13.833,12.5,37.5,26.97,,1946.3,0.1,50.0,5.0,0.9,41.72
deepsort,UCSD,2,max_dist0.1_max_age70_n_init1_max_iou_dist0.5,0.3,0.5,42.585,25.112,55.237,16.5,16.5,11.167,37.4,26.96,,1870.9,0.1,70.0,1.0,0.5,41.99
deepsort,UCSD,2,max_dist0.1_max_age70_n_init1_max_iou_dist0.7,0.3,0.5,43.053,28.328,55.645,15.833,16.167,11.0,37.1,27.09,,1793.8,0.1,70.0,1.0,0.7,42.32
deepsort,UCSD,2,max_dist0.1_max_age70_n_init1_max_iou_dist0.9,0.3,0.5,43.228,29.99,56.03,16.0,16.0,11.167,36.7,27.47,,1793.0,0.1,70.0,1.0,0.9,43.26
deepsort,UCSD,2,max_dist0.1_max_age70_n_init3_max_iou_dist0.5,0.3,0.5,43.478,33.392,56.873,12.667,16.333,11.333,37.4,26.93,,1716.4,0.1,70.0,3.0,0.5,42.01
deepsort,UCSD,2,max_dist0.1_max_age70_n_init3_max_iou_dist0.7,0.3,0.5,43.572,34.703,56.77,11.833,16.0,11.333,37.3,27.0,,1639.0,0.1,70.0,3.0,0.7,42.63
deepsort,UCSD,2,max_dist0.1_max_age70_n_init3_max_iou_dist0.9,0.3,0.5,43.795,35.457,57.053,11.833,16.0,11.5,37.2,27.06,,1639.0,0.1,70.0,3.0,0.9,42.76
deepsort,UCSD,2,max_dist0.1_max_age70_n_init5_max_iou_dist0.5,0.3,0.5,44.158,39.813,58.783,8.667,14.333,12.167,37.5,26.86,,1796.0,0.1,70.0,5.0,0.5,41.35
deepsort,UCSD,2,max_dist0.1_max_age70_n_init5_max_iou_dist0.7,0.3,0.5,44.088,39.937,58.412,8.167,14.167,12.333,37.9,26.59,,1723.4,0.1,70.0,5.0,0.7,41.81
deepsort,UCSD,2,max_dist0.1_max_age70_n_init5_max_iou_dist0.9,0.3,0.5,44.207,40.403,58.583,8.0,14.0,12.5,37.2,27.05,,1947.9,0.1,70.0,5.0,0.9,42.3
deepsort,UCSD,2,max_dist0.1_max_age100_n_init1_max_iou_dist0.5,0.3,0.5,41.635,17.912,53.487,17.333,16.667,10.667,37.1,27.21,,1869.1,0.1,100.0,1.0,0.5,44.49
deepsort,UCSD,2,max_dist0.1_max_age100_n_init1_max_iou_dist0.7,0.3,0.5,42.12,21.747,54.038,15.833,16.333,10.833,36.7,27.43,,1870.9,0.1,100.0,1.0,0.7,45.09
deepsort,UCSD,2,max_dist0.1_max_age100_n_init1_max_iou_dist0.9,0.3,0.5,42.31,23.635,54.46,16.0,16.167,11.0,36.9,27.37,,1793.8,0.1,100.0,1.0,0.9,44.81
deepsort,UCSD,2,max_dist0.1_max_age100_n_init3_max_iou_dist0.5,0.3,0.5,42.597,27.913,55.342,12.667,16.333,11.167,37.3,27.06,,1793.0,0.1,100.0,3.0,0.5,44.65
deepsort,UCSD,2,max_dist0.1_max_age100_n_init3_max_iou_dist0.7,0.3,0.5,42.817,29.59,55.553,12.167,16.167,11.167,36.8,27.39,,1716.4,0.1,100.0,3.0,0.7,45.06
deepsort,UCSD,2,max_dist0.1_max_age100_n_init3_max_iou_dist0.9,0.3,0.5,43.057,30.608,55.737,12.167,16.167,11.333,37.2,27.07,,1639.0,0.1,100.0,3.0,0.9,44.54
deepsort,UCSD,2,max_dist0.1_max_age100_n_init5_max_iou_dist0.5,0.3,0.5,43.672,37.045,57.93,8.5,14.5,12.0,37.3,27.03,,1639.0,0.1,100.0,5.0,0.5,43.91
deepsort,UCSD,2,max_dist0.1_max_age100_n_init5_max_iou_dist0.7,0.3,0.5,43.583,37.1,57.432,8.333,14.333,12.167,37.5,26.88,,1796.0,0.1,100.0,5.0,0.7,43.58
deepsort,UCSD,2,max_dist0.1_max_age100_n_init5_max_iou_dist0.9,0.3,0.5,43.725,37.698,57.642,8.167,14.333,12.5,37.5,26.89,,1723.4,0.1,100.0,5.0,0.9,43.98
deepsort,UCSD,2,max_dist0.2_max_age30_n_init1_max_iou_dist0.5,0.3,0.5,45.713,45.823,61.262,12.5,15.0,11.667,39.2,25.64,,1947.9,0.2,30.0,1.0,0.5,37.42
deepsort,UCSD,2,max_dist0.2_max_age30_n_init1_max_iou_dist0.7,0.3,0.5,45.715,47.283,61.142,11.333,15.167,11.667,39.2,25.61,,1869.1,0.2,30.0,1.0,0.7,37.3
deepsort,UCSD,2,max_dist0.2_max_age30_n_init1_max_iou_dist0.9,0.3,0.5,45.803,47.363,61.168,11.333,15.0,11.667,38.7,25.98,,1870.9,0.2,30.0,1.0,0.9,37.63
deepsort,UCSD,2,max_dist0.2_max_age30_n_init3_max_iou_dist0.5,0.3,0.5,45.702,46.367,61.112,10.5,14.167,11.833,39.1,25.7,,1793.8,0.2,30.0,3.0,0.5,37.97
deepsort,UCSD,2,max_dist0.2_max_age30_n_init3_max_iou_dist0.7,0.3,0.5,45.832,47.258,61.05,9.667,14.333,11.833,39.1,25.7,,1793.0,0.2,30.0,3.0,0.7,37.64
deepsort,UCSD,2,max_dist0.2_max_age30_n_init3_max_iou_dist0.9,0.3,0.5,45.852,47.243,61.05,9.667,14.333,11.833,38.9,25.87,,1716.4,0.2,30.0,3.0,0.9,37.78
deepsort,UCSD,2,max_dist0.2_max_age30_n_init5_max_iou_dist0.5,0.3,0.5,44.795,45.992,59.227,8.167,13.333,13.333,38.9,25.81,,1636.9,0.2,30.0,5.0,0.5,38.3
deepsort,UCSD,2,max_dist0.2_max_age30_n_init5_max_iou_dist0.7,0.3,0.5,44.735,46.368,59.363,8.0,13.333,13.167,38.7,25.96,,1639.0,0.2,30.0,5.0,0.7,38.09
deepsort,UCSD,2,max_dist0.2_max_age30_n_init5_max_iou_dist0.9,0.3,0.5,44.758,46.225,59.498,8.0,13.333,13.167,39.4,25.52,,1796.3,0.2,30.0,5.0,0.9,37.45
deepsort,UCSD,2,max_dist0.2_max_age50_n_init1_max_iou_dist0.5,0.3,0.5,44.332,41.708,58.427,13.333,15.5,11.667,38.1,26.39,,1723.4,0.2,50.0,1.0,0.5,40.05
deepsort,UCSD,2,max_dist0.2_max_age50_n_init1_max_iou_dist0.7,0.3,0.5,44.342,43.51,58.367,12.833,15.5,11.667,38.7,26.07,,1946.1,0.2,50.0,1.0,0.7,38.88
deepsort,UCSD,2,max_dist0.2_max_age50_n_init1_max_iou_dist0.9,0.3,0.5,44.413,43.758,58.247,12.833,15.333,11.667,38.0,26.55,,1867.0,0.2,50.0,1.0,0.9,39.89
deepsort,UCSD,2,max_dist0.2_max_age50_n_init3_max_iou_dist0.5,0.3,0.5,44.175,43.065,58.193,12.0,14.667,11.667,38.7,26.02,,1793.8,0.2,50.0,3.0,0.5,38.94
deepsort,UCSD,2,max_dist0.2_max_age50_n_init3_max_iou_dist0.7,0.3,0.5,44.358,44.167,58.345,11.5,14.667,11.667,38.4,26.21,,1716.4,0.2,50.0,3.0,0.7,40.09
deepsort,UCSD,2,max_dist0.2_max_age50_n_init3_max_iou_dist0.9,0.3,0.5,44.365,44.31,58.207,11.5,14.667,11.667,38.2,26.41,,1716.4,0.2,50.0,3.0,0.9,39.27
deepsort,UCSD,2,max_dist0.2_max_age50_n_init5_max_iou_dist0.5,0.3,0.5,43.505,43.473,56.515,10.0,13.5,13.0,38.2,26.36,,1639.0,0.2,50.0,5.0,0.5,40.14
deepsort,UCSD,2,max_dist0.2_max_age50_n_init5_max_iou_dist0.7,0.3,0.5,43.547,44.11,56.902,10.0,13.5,12.833,37.7,26.7,,1797.9,0.2,50.0,5.0,0.7,41.34
deepsort,UCSD,2,max_dist0.2_max_age50_n_init5_max_iou_dist0.9,0.3,0.5,43.645,44.192,57.155,9.333,13.667,12.833,38.4,26.22,,1717.2,0.2,50.0,5.0,0.9,40.44
deepsort,UCSD,2,max_dist0.2_max_age70_n_init1_max_iou_dist0.5,0.3,0.5,43.437,38.68,56.815,13.0,15.5,11.833,37.0,27.25,,1721.9,0.2,70.0,1.0,0.5,41.92
deepsort,UCSD,2,max_dist0.2_max_age70_n_init1_max_iou_dist0.7,0.3,0.5,43.652,40.927,57.23,12.333,15.5,11.833,36.9,27.4,,1946.3,0.2,70.0,1.0,0.7,42.64
deepsort,UCSD,2,max_dist0.2_max_age70_n_init1_max_iou_dist0.9,0.3,0.5,43.74,41.032,57.272,12.333,15.333,11.833,37.8,26.68,,1870.9,0.2,70.0,1.0,0.9,40.96
deepsort,UCSD,2,max_dist0.2_max_age70_n_init3_max_iou_dist0.5,0.3,0.5,43.383,40.272,56.822,11.5,14.667,11.833,38.2,26.44,,1793.8,0.2,70.0,3.0,0.5,41.03
deepsort,UCSD,2,max_dist0.2_max_age70_n_init3_max_iou_dist0.7,0.3,0.5,43.763,41.837,57.303,10.833,14.667,11.833,37.8,26.61,,1793.0,0.2,70.0,3.0,0.7,41.53
deepsort,UCSD,2,max_dist0.2_max_age70_n_init3_max_iou_dist0.9,0.3,0.5,43.787,41.842,57.318,10.833,14.667,11.833,37.7,26.75,,1716.4,0.2,70.0,3.0,0.9,41.32
deepsort,UCSD,2,max_dist0.2_max_age70_n_init5_max_iou_dist0.5,0.3,0.5,43.13,41.833,56.023,9.667,13.5,12.5,38.6,26.1,,1636.9,0.2,70.0,5.0,0.5,40.63
deepsort,UCSD,2,max_dist0.2_max_age70_n_init5_max_iou_dist0.7,0.3,0.5,43.28,42.653,56.557,9.667,13.5,12.333,38.1,26.48,,1639.0,0.2,70.0,5.0,0.7,41.81
deepsort,UCSD,2,max_dist0.2_max_age70_n_init5_max_iou_dist0.9,0.3,0.5,43.297,42.505,56.683,9.0,13.667,12.5,38.3,26.34,,1796.3,0.2,70.0,5.0,0.9,41.76
deepsort,UCSD,2,max_dist0.2_max_age100_n_init1_max_iou_dist0.5,0.3,0.5,42.99,36.497,56.062,13.167,15.5,11.667,37.8,26.64,,1723.4,0.2,100.0,1.0,0.5,41.57
deepsort,UCSD,2,max_dist0.2_max_age100_n_init1_max_iou_dist0.7,0.3,0.5,43.378,39.218,56.698,12.5,15.5,11.667,37.5,26.93,,1946.1,0.2,100.0,1.0,0.7,41.67
deepsort,UCSD,2,max_dist0.2_max_age100_n_init1_max_iou_dist0.9,0.3,0.5,43.463,39.328,56.742,12.5,15.333,11.667,37.6,26.85,,1867.0,0.2,100.0,1.0,0.9,42.24
deepsort,UCSD,2,max_dist0.2_max_age100_n_init3_max_iou_dist0.5,0.3,0.5,42.987,38.558,56.247,11.667,14.667,11.833,38.3,26.34,,1793.8,0.2,100.0,3.0,0.5,41.93
deepsort,UCSD,2,max_dist0.2_max_age100_n_init3_max_iou_dist0.7,0.3,0.5,43.395,40.3,56.773,11.0,14.667,11.833,38.3,26.35,,1716.4,0.2,100.0,3.0,0.7,41.73
deepsort,UCSD,2,max_dist0.2_max_age100_n_init3_max_iou_dist0.9,0.3,0.5,43.418,40.31,56.792,11.0,14.667,11.833,37.6,26.84,,1716.4,0.2,100.0,3.0,0.9,42.18
deepsort,UCSD,2,max_dist0.2_max_age100_n_init5_max_iou_dist0.5,0.3,0.5,42.753,40.433,55.315,9.5,13.5,12.667,38.4,26.2,,1639.0,0.2,100.0,5.0,0.5,41.67
deepsort,UCSD,2,max_dist0.2_max_age100_n_init5_max_iou_dist0.7,0.3,0.5,42.923,41.397,55.887,9.667,13.5,12.5,37.6,26.83,,1797.9,0.2,100.0,5.0,0.7,43.2
deepsort,UCSD,2,max_dist0.2_max_age100_n_init5_max_iou_dist0.9,0.3,0.5,42.938,41.243,56.01,9.0,13.667,12.667,38.1,26.44,,1717.2,0.2,100.0,5.0,0.9,42.18
deepsort,UCSD,2,max_dist0.3_max_age30_n_init1_max_iou_dist0.5,0.3,0.5,45.533,45.662,60.957,12.667,14.833,11.667,39.7,25.3,,1721.9,0.3,30.0,1.0,0.5,37.05
deepsort,UCSD,2,max_dist0.3_max_age30_n_init1_max_iou_dist0.7,0.3,0.5,45.492,46.725,60.75,11.333,15.0,11.667,39.1,25.71,,1946.3,0.3,30.0,1.0,0.7,37.38
deepsort,UCSD,2,max_dist0.3_max_age30_n_init1_max_iou_dist0.9,0.3,0.5,45.587,46.823,60.778,11.333,15.0,11.667,39.0,25.75,,1870.9,0.3,30.0,1.0,0.9,37.86
deepsort,UCSD,2,max_dist0.3_max_age30_n_init3_max_iou_dist0.5,0.3,0.5,45.588,46.3,60.943,10.333,14.167,12.0,38.8,25.97,,1793.8,0.3,30.0,3.0,0.5,38.02
deepsort,UCSD,2,max_dist0.3_max_age30_n_init3_max_iou_dist0.7,0.3,0.5,45.745,46.893,60.913,9.333,14.333,12.0,39.1,25.74,,1793.0,0.3,30.0,3.0,0.7,37.69
deepsort,UCSD,2,max_dist0.3_max_age30_n_init3_max_iou_dist0.9,0.3,0.5,45.767,46.893,60.915,9.333,14.333,12.0,38.6,26.02,,1716.4,0.3,30.0,3.0,0.9,38.4
deepsort,UCSD,2,max_dist0.3_max_age30_n_init5_max_iou_dist0.5,0.3,0.5,44.782,45.563,59.435,8.667,13.333,13.5,39.2,25.63,,1636.9,0.3,30.0,5.0,0.5,37.5
deepsort,UCSD,2,max_dist0.3_max_age30_n_init5_max_iou_dist0.7,0.3,0.5,44.758,45.82,59.348,8.333,13.333,13.167,38.6,26.07,,1639.0,0.3,30.0,5.0,0.7,39.3
deepsort,UCSD,2,max_dist0.3_max_age30_n_init5_max_iou_dist0.9,0.3,0.5,44.8,45.788,59.477,8.167,13.333,13.167,38.9,25.86,,1796.3,0.3,30.0,5.0,0.9,38.37
deepsort,UCSD,2,max_dist0.3_max_age50_n_init1_max_iou_dist0.5,0.3,0.5,44.213,41.62,58.19,13.5,15.333,11.667,38.6,26.06,,1723.4,0.3,50.0,1.0,0.5,38.68
deepsort,UCSD,2,max_dist0.3_max_age50_n_init1_max_iou_dist0.7,0.3,0.5,44.047,42.86,57.897,12.833,15.333,11.667,37.9,26.58,,1946.1,0.3,50.0,1.0,0.7,40.73
deepsort,UCSD,2,max_dist0.3_max_age50_n_init1_max_iou_dist0.9,0.3,0.5,44.168,43.32,57.832,12.833,15.333,11.667,38.5,26.17,,1867.0,0.3,50.0,1.0,0.9,38.96
deepsort,UCSD,2,max_dist0.3_max_age50_n_init3_max_iou_dist0.5,0.3,0.5,44.075,43.162,58.095,12.0,14.667,11.833,38.6,26.15,,1793.8,0.3,50.0,3.0,0.5,40.08
deepsort,UCSD,2,max_dist0.3_max_age50_n_init3_max_iou_dist0.7,0.3,0.5,44.297,43.877,58.312,11.5,14.667,11.833,38.6,26.11,,1716.4,0.3,50.0,3.0,0.7,39.68
deepsort,UCSD,2,max_dist0.3_max_age50_n_init3_max_iou_dist0.9,0.3,0.5,44.35,44.23,58.233,11.5,14.667,11.833,38.6,26.12,,1716.4,0.3,50.0,3.0,0.9,40.07
deepsort,UCSD,2,max_dist0.3_max_age50_n_init5_max_iou_dist0.5,0.3,0.5,43.63,43.407,56.992,9.667,13.667,13.167,38.2,26.35,,1639.0,0.3,50.0,5.0,0.5,40.38
deepsort,UCSD,2,max_dist0.3_max_age50_n_init5_max_iou_dist0.7,0.3,0.5,43.583,43.483,56.967,9.667,13.667,12.833,38.5,26.15,,1797.9,0.3,50.0,5.0,0.7,40.07
deepsort,UCSD,2,max_dist0.3_max_age50_n_init5_max_iou_dist0.9,0.3,0.5,43.673,43.663,57.162,9.5,13.667,12.833,38.4,26.26,,1717.2,0.3,50.0,5.0,0.9,40.27
deepsort,UCSD,2,max_dist0.3_max_age70_n_init1_max_iou_dist0.5,0.3,0.5,43.37,38.868,56.655,13.167,15.333,11.833,38.5,26.19,,1721.9,0.3,70.0,1.0,0.5,40.21
deepsort,UCSD,2,max_dist0.3_max_age70_n_init1_max_iou_dist0.7,0.3,0.5,43.353,40.518,56.537,12.333,15.333,11.833,37.5,26.87,,1946.3,0.3,70.0,1.0,0.7,41.62
deepsort,UCSD,2,max_dist0.3_max_age70_n_init1_max_iou_dist0.9,0.3,0.5,43.472,40.765,56.612,12.333,15.333,11.833,37.9,26.58,,1870.9,0.3,70.0,1.0,0.9,41.38
deepsort,UCSD,2,max_dist0.3_max_age70_n_init3_max_iou_dist0.5,0.3,0.5,43.54,40.683,57.263,11.833,14.667,12.0,38.3,26.33,,1793.8,0.3,70.0,3.0,0.5,40.96
deepsort,UCSD,2,max_dist0.3_max_age70_n_init3_max_iou_dist0.7,0.3,0.5,43.75,41.477,57.492,11.333,14.667,12.0,37.9,26.62,,1793.0,0.3,70.0,3.0,0.7,42.02
deepsort,UCSD,2,max_dist0.3_max_age70_n_init3_max_iou_dist0.9,0.3,0.5,43.797,41.818,57.412,11.333,14.667,12.0,38.2,26.4,,1716.4,0.3,70.0,3.0,0.9,41.5
deepsort,UCSD,2,max_dist0.3_max_age70_n_init5_max_iou_dist0.5,0.3,0.5,43.13,41.298,56.36,9.5,13.667,12.833,37.6,26.74,,1636.9,0.3,70.0,5.0,0.5,41.79
deepsort,UCSD,2,max_dist0.3_max_age70_n_init5_max_iou_dist0.7,0.3,0.5,43.258,41.438,56.657,9.5,13.667,12.5,37.8,26.79,,1639.0,0.3,70.0,5.0,0.7,41.71
deepsort,UCSD,2,max_dist0.3_max_age70_n_init5_max_iou_dist0.9,0.3,0.5,43.33,41.548,56.827,9.333,13.667,12.5,38.0,26.53,,1796.3,0.3,70.0,5.0,0.9,41.89
deepsort,UCSD,2,max_dist0.3_max_age100_n_init1_max_iou_dist0.5,0.3,0.5,42.942,36.648,56.007,13.333,15.333,11.667,38.2,26.43,,1723.4,0.3,100.0,1.0,0.5,41.17
deepsort,UCSD,2,max_dist0.3_max_age100_n_init1_max_iou_dist0.7,0.3,0.5,43.185,39.182,56.322,12.5,15.333,11.667,37.5,26.93,,1946.1,0.3,100.0,1.0,0.7,41.95
deepsort,UCSD,2,max_dist0.3_max_age100_n_init1_max_iou_dist0.9,0.3,0.5,43.275,39.308,56.363,12.5,15.333,11.667,37.9,26.54,,1867.0,0.3,100.0,1.0,0.9,41.12
deepsort,UCSD,2,max_dist0.3_max_age100_n_init3_max_iou_dist0.5,0.3,0.5,43.112,38.552,56.735,11.833,14.667,12.0,37.9,26.56,,1793.8,0.3,100.0,3.0,0.5,42.43
deepsort,UCSD,2,max_dist0.3_max_age100_n_init3_max_iou_dist0.7,0.3,0.5,43.448,40.193,57.043,11.5,14.667,12.0,38.2,26.41,,1716.4,0.3,100.0,3.0,0.7,41.54
deepsort,UCSD,2,max_dist0.3_max_age100_n_init3_max_iou_dist0.9,0.3,0.5,43.475,40.445,56.94,11.5,14.667,12.0,37.8,26.69,,1716.4,0.3,100.0,3.0,0.9,42.02
deepsort,UCSD,2,max_dist0.3_max_age100_n_init5_max_iou_dist0.5,0.3,0.5,42.732,39.718,55.605,9.333,13.667,13.0,37.7,26.75,,1639.0,0.3,100.0,5.0,0.5,42.56
deepsort,UCSD,2,max_dist0.3_max_age100_n_init5_max_iou_dist0.7,0.3,0.5,42.902,40.19,55.963,9.333,13.667,12.667,38.1,26.46,,1797.9,0.3,100.0,5.0,0.7,41.73
deepsort,UCSD,2,max_dist0.3_max_age100_n_init5_max_iou_dist0.9,0.3,0.5,42.948,40.18,56.097,9.167,13.667,12.667,36.2,27.83,,1717.2,0.3,100.0,5.0,0.9,43.47
deepsort,UCSD,2,max_dist0.5_max_age30_n_init1_max_iou_dist0.5,0.3,0.5,45.533,45.662,60.957,12.667,14.833,11.667,39.0,25.78,,1721.9,0.5,30.0,1.0,0.5,37.43
deepsort,UCSD,2,max_dist0.5_max_age30_n_init1_max_iou_dist0.7,0.3,0.5,45.492,46.725,60.75,11.333,15.0,11.667,39.0,25.74,,1946.3,0.5,30.0,1.0,0.7,37.7
deepsort,UCSD,2,max_dist0.5_max_age30_n_init1_max_iou_dist0.9,0.3,0.5,45.587,46.823,60.778,11.333,15.0,11.667,39.2,25.67,,1870.9,0.5,30.0,1.0,0.9,37.41
deepsort,UCSD,2,max_dist0.5_max_age30_n_init3_max_iou_dist0.5,0.3,0.5,45.588,46.3,60.943,10.333,14.167,12.0,39.0,25.74,,1793.8,0.5,30.0,3.0,0.5,38.1
deepsort,UCSD,2,max_dist0.5_max_age30_n_init3_max_iou_dist0.7,0.3,0.5,45.745,46.893,60.913,9.333,14.333,12.0,39.1,25.68,,1793.0,0.5,30.0,3.0,0.7,37.65
deepsort,UCSD,2,max_dist0.5_max_age30_n_init3_max_iou_dist0.9,0.3,0.5,45.767,46.893,60.915,9.333,14.333,12.0,39.3,25.61,,1716.4,0.5,30.0,3.0,0.9,38.03
deepsort,UCSD,2,max_dist0.5_max_age30_n_init5_max_iou_dist0.5,0.3,0.5,44.782,45.563,59.435,8.667,13.333,13.5,39.1,25.72,,1636.9,0.5,30.0,5.0,0.5,38.31
deepsort,UCSD,2,max_dist0.5_max_age30_n_init5_max_iou_dist0.7,0.3,0.5,44.758,45.82,59.348,8.333,13.333,13.167,39.0,25.79,,1639.0,0.5,30.0,5.0,0.7,38.05
deepsort,UCSD,2,max_dist0.5_max_age30_n_init5_max_iou_dist0.9,0.3,0.5,44.8,45.788,59.477,8.167,13.333,13.167,38.6,26.0,,1796.3,0.5,30.0,5.0,0.9,38.33
deepsort,UCSD,2,max_dist0.5_max_age50_n_init1_max_iou_dist0.5,0.3,0.5,44.213,41.62,58.19,13.5,15.333,11.667,38.9,25.9,,1723.4,0.5,50.0,1.0,0.5,38.83
deepsort,UCSD,2,max_dist0.5_max_age50_n_init1_max_iou_dist0.7,0.3,0.5,44.047,42.86,57.897,12.833,15.333,11.667,38.2,26.34,,1946.1,0.5,50.0,1.0,0.7,39.48
deepsort,UCSD,2,max_dist0.5_max_age50_n_init1_max_iou_dist0.9,0.3,0.5,44.168,43.32,57.832,12.833,15.333,11.667,38.2,26.45,,1867.0,0.5,50.0,1.0,0.9,39.9
deepsort,UCSD,2,max_dist0.5_max_age50_n_init3_max_iou_dist0.5,0.3,0.5,44.075,43.162,58.095,12.0,14.667,11.833,38.7,26.05,,1793.8,0.5,50.0,3.0,0.5,39.54
deepsort,UCSD,2,max_dist0.5_max_age50_n_init3_max_iou_dist0.7,0.3,0.5,44.297,43.877,58.312,11.5,14.667,11.833,37.5,26.95,,1716.4,0.5,50.0,3.0,0.7,40.97
deepsort,UCSD,2,max_dist0.5_max_age50_n_init3_max_iou_dist0.9,0.3,0.5,44.35,44.23,58.233,11.5,14.667,11.833,38.6,26.13,,1716.4,0.5,50.0,3.0,0.9,39.65
deepsort,UCSD,2,max_dist0.5_max_age50_n_init5_max_iou_dist0.5,0.3,0.5,43.63,43.407,56.992,9.667,13.667,13.167,38.2,26.36,,1639.0,0.5,50.0,5.0,0.5,40.09
deepsort,UCSD,2,max_dist0.5_max_age50_n_init5_max_iou_dist0.7,0.3,0.5,43.583,43.483,56.967,9.667,13.667,12.833,38.3,26.32,,1797.9,0.5,50.0,5.0,0.7,40.02
deepsort,UCSD,2,max_dist0.5_max_age50_n_init5_max_iou_dist0.9,0.3,0.5,43.673,43.663,57.162,9.5,13.667,12.833,38.1,26.44,,1717.2,0.5,50.0,5.0,0.9,40.46
deepsort,UCSD,2,max_dist0.5_max_age70_n_init1_max_iou_dist0.5,0.3,0.5,43.37,38.868,56.655,13.167,15.333,11.833,37.7,26.7,,1721.9,0.5,70.0,1.0,0.5,42.61
deepsort,UCSD,2,max_dist0.5_max_age70_n_init1_max_iou_dist0.7,0.3,0.5,43.353,40.518,56.537,12.333,15.333,11.833,38.2,26.4,,1946.3,0.5,70.0,1.0,0.7,40.41
deepsort,UCSD,2,max_dist0.5_max_age70_n_init1_max_iou_dist0.9,0.3,0.5,43.472,40.765,56.612,12.333,15.333,11.833,37.5,26.86,,1870.9,0.5,70.0,1.0,0.9,41.45
deepsort,UCSD,2,max_dist0.5_max_age70_n_init3_max_iou_dist0.5,0.3,0.5,43.54,40.683,57.263,11.833,14.667,12.0,38.4,26.28,,1793.8,0.5,70.0,3.0,0.5,41.86
deepsort,UCSD,2,max_dist0.5_max_age70_n_init3_max_iou_dist0.7,0.3,0.5,43.75,41.477,57.492,11.333,14.667,12.0,37.8,26.61,,1793.0,0.5,70.0,3.0,0.7,41.65
deepsort,UCSD,2,max_dist0.5_max_age70_n_init3_max_iou_dist0.9,0.3,0.5,43.797,41.818,57.412,11.333,14.667,12.0,38.0,26.58,,1716.4,0.5,70.0,3.0,0.9,41.63
deepsort,UCSD,2,max_dist0.5_max_age70_n_init5_max_iou_dist0.5,0.3,0.5,43.13,41.298,56.36,9.5,13.667,12.833,37.8,26.59,,1636.9,0.5,70.0,5.0,0.5,41.93
deepsort,UCSD,2,max_dist0.5_max_age70_n_init5_max_iou_dist0.7,0.3,0.5,43.258,41.438,56.657,9.5,13.667,12.5,38.1,26.47,,1639.0,0.5,70.0,5.0,0.7,41.31
deepsort,UCSD,2,max_dist0.5_max_age70_n_init5_max_iou_dist0.9,0.3,0.5,43.33,41.548,56.827,9.333,13.667,12.5,37.6,26.8,,1796.3,0.5,70.0,5.0,0.9,42.88
deepsort,UCSD,2,max_dist0.5_max_age100_n_init1_max_iou_dist0.5,0.3,0.5,42.942,36.648,56.007,13.333,15.333,11.667,37.8,26.69,,1723.4,0.5,100.0,1.0,0.5,41.6
deepsort,UCSD,2,max_dist0.5_max_age100_n_init1_max_iou_dist0.7,0.3,0.5,43.185,39.182,56.322,12.5,15.333,11.667,37.3,27.02,,1946.1,0.5,100.0,1.0,0.7,41.83
deepsort,UCSD,2,max_dist0.5_max_age100_n_init1_max_iou_dist0.9,0.3,0.5,43.275,39.308,56.363,12.5,15.333,11.667,37.1,27.25,,1867.0,0.5,100.0,1.0,0.9,42.31
deepsort,UCSD,2,max_dist0.5_max_age100_n_init3_max_iou_dist0.5,0.3,0.5,43.112,38.552,56.735,11.833,14.667,12.0,38.3,26.33,,1793.8,0.5,100.0,3.0,0.5,41.88
deepsort,UCSD,2,max_dist0.5_max_age100_n_init3_max_iou_dist0.7,0.3,0.5,43.448,40.193,57.043,11.5,14.667,12.0,37.7,26.82,,1716.4,0.5,100.0,3.0,0.7,42.95
deepsort,UCSD,2,max_dist0.5_max_age100_n_init3_max_iou_dist0.9,0.3,0.5,43.475,40.445,56.94,11.5,14.667,12.0,38.0,26.53,,1716.4,0.5,100.0,3.0,0.9,42.14
deepsort,UCSD,2,max_dist0.5_max_age100_n_init5_max_iou_dist0.5,0.3,0.5,42.732,39.718,55.605,9.333,13.667,13.0,38.2,26.41,,1639.0,0.5,100.0,5.0,0.5,41.72
deepsort,UCSD,2,max_dist0.5_max_age100_n_init5_max_iou_dist0.7,0.3,0.5,42.902,40.19,55.963,9.333,13.667,12.667,37.9,26.6,,1797.9,0.5,100.0,5.0,0.7,42.1
deepsort,UCSD,2,max_dist0.5_max_age100_n_init5_max_iou_dist0.9,0.3,0.5,42.948,40.18,56.097,9.167,13.667,12.667,37.6,26.76,,1717.2,0.5,100.0,5.0,0.9,43.1
deepsort,shanghai,2,max_dist0.1_max_age30_n_init1_max_iou_dist0.5,0.5,0.5,51.19,50.877,65.883,11.0,7.667,5.333,51.9,19.42,,1123.8,0.1,30.0,1.0,0.5,25.52
deepsort,shanghai,2,max_dist0.1_max_age30_n_init1_max_iou_dist0.7,0.5,0.5,51.333,51.88,66.263,10.667,7.667,5.333,52.4,19.28,,961.3,0.1,30.0,1.0,0.7,25.64
deepsort,shanghai,2,max_dist0.1_max_age30_n_init1_max_iou_dist0.9,0.5,0.5,51.257,51.45,66.14,10.667,7.667,5.333,52.3,19.33,,1048.2,0.1,30.0,1.0,0.9,25.27
deepsort,shanghai,2,max_dist0.1_max_age30_n_init3_max_iou_dist0.5,0.5,0.5,51.97,54.443,67.057,10.667,7.333,5.667,52.0,19.34,,961.3,0.1,30.0,3.0,0.5,25.47
deepsort,shanghai,2,max_dist0.1_max_age30_n_init3_max_iou_dist0.7,0.5,0.5,51.823,54.217,67.03,10.667,7.333,5.667,52.1,19.38,,1048.2,0.1,30.0,3.0,0.7,26.14
deepsort,shanghai,2,max_dist0.1_max_age30_n_init3_max_iou_dist0.9,0.5,0.5,51.823,54.217,67.03,10.667,7.333,5.667,51.9,19.44,,961.3,0.1,30.0,3.0,0.9,25.41
deepsort,shanghai,2,max_dist0.1_max_age30_n_init5_max_iou_dist0.5,0.5,0.5,53.74,56.857,70.283,8.667,7.0,6.333,51.0,19.83,,1048.2,0.1,30.0,5.0,0.5,27.24
deepsort,shanghai,2,max_dist0.1_max_age30_n_init5_max_iou_dist0.7,0.5,0.5,53.753,57.173,70.447,8.333,7.0,6.333,51.1,19.85,,961.3,0.1,30.0,5.0,0.7,27.63
deepsort,shanghai,2,max_dist0.1_max_age30_n_init5_max_iou_dist0.9,0.5,0.5,53.753,57.173,70.447,8.333,7.0,6.333,50.6,19.97,,1048.2,0.1,30.0,5.0,0.9,27.48
deepsort,shanghai,2,max_dist0.1_max_age50_n_init1_max_iou_dist0.5,0.5,0.5,48.257,35.177,61.433,10.667,8.0,5.333,51.6,19.52,,961.3,0.1,50.0,1.0,0.5,26.87
deepsort,shanghai,2,max_dist0.1_max_age50_n_init1_max_iou_dist0.7,0.5,0.5,48.507,36.93,61.997,10.333,8.0,5.333,51.1,19.64,,1048.2,0.1,50.0,1.0,0.7,26.51
deepsort,shanghai,2,max_dist0.1_max_age50_n_init1_max_iou_dist0.9,0.5,0.5,48.4,36.22,61.827,10.333,8.0,5.333,50.7,19.93,,961.3,0.1,50.0,1.0,0.9,27.17
deepsort,shanghai,2,max_dist0.1_max_age50_n_init3_max_iou_dist0.5,0.5,0.5,49.32,41.133,63.093,10.333,7.667,5.667,49.7,20.29,,1048.2,0.1,50.0,3.0,0.5,27.17
deepsort,shanghai,2,max_dist0.1_max_age50_n_init3_max_iou_dist0.7,0.5,0.5,49.187,40.867,63.09,10.333,7.667,5.667,51.3,19.57,,961.3,0.1,50.0,3.0,0.7,26.38
deepsort,shanghai,2,max_dist0.1_max_age50_n_init3_max_iou_dist0.9,0.5,0.5,49.187,40.867,63.09,10.333,7.667,5.667,51.7,19.49,,1048.2,0.1,50.0,3.0,0.9,26.5
deepsort,shanghai,2,max_dist0.1_max_age50_n_init5_max_iou_dist0.5,0.5,0.5,51.857,46.227,67.473,8.0,7.333,6.333,50.5,20.0,,961.3,0.1,50.0,5.0,0.5,28.51
deepsort,shanghai,2,max_dist0.1_max_age50_n_init5_max_iou_dist0.7,0.5,0.5,51.92,46.78,67.72,7.667,7.333,6.333,50.4,20.03,,1048.2,0.1,50.0,5.0,0.7,29.0
deepsort,shanghai,2,max_dist0.1_max_age50_n_init5_max_iou_dist0.9,0.5,0.5,51.92,46.78,67.72,7.667,7.333,6.333,50.2,20.15,,961.3,0.1,50.0,5.0,0.9,28.89
deepsort,shanghai,2,max_dist0.1_max_age70_n_init1_max_iou_dist0.5,0.5,0.5,45.163,20.143,55.947,10.667,8.0,5.0,50.6,19.9,,1048.2,0.1,70.0,1.0,0.5,27.62
deepsort,shanghai,2,max_dist0.1_max_age70_n_init1_max_iou_dist0.7,0.5,0.5,45.48,22.647,56.613,10.333,8.0,5.0,50.8,19.83,,961.3,0.1,70.0,1.0,0.7,27.75
deepsort,shanghai,2,max_dist0.1_max_age70_n_init1_max_iou_dist0.9,0.5,0.5,45.357,21.657,56.413,10.333,8.0,5.0,50.1,20.16,,1048.2,0.1,70.0,1.0,0.9,27.8
deepsort,shanghai,2,max_dist0.1_max_age70_n_init3_max_iou_dist0.5,0.5,0.5,46.417,28.447,57.907,10.333,7.667,5.333,50.2,20.04,,961.3,0.1,70.0,3.0,0.5,27.86
deepsort,shanghai,2,max_dist0.1_max_age70_n_init3_max_iou_dist0.7,0.5,0.5,46.3,28.14,57.907,10.333,7.667,5.333,50.5,19.97,,1048.2,0.1,70.0,3.0,0.7,27.62
deepsort,shanghai,2,max_dist0.1_max_age70_n_init3_max_iou_dist0.9,0.5,0.5,46.3,28.14,57.907,10.333,7.667,5.333,49.5,20.37,,961.3,0.1,70.0,3.0,0.9,28.94
deepsort,shanghai,2,max_dist0.1_max_age70_n_init5_max_iou_dist0.5,0.5,0.5,49.447,35.79,62.817,7.667,7.333,6.333,49.4,20.45,,1048.2,0.1,70.0,5.0,0.5,29.5
deepsort,shanghai,2,max_dist0.1_max_age70_n_init5_max_iou_dist0.7,0.5,0.5,49.557,36.583,63.117,7.333,7.333,6.333,48.9,20.7,,961.3,0.1,70.0,5.0,0.7,29.88
deepsort,shanghai,2,max_dist0.1_max_age70_n_init5_max_iou_dist0.9,0.5,0.5,49.557,36.583,63.117,7.333,7.333,6.333,49.1,20.58,,1048.2,0.1,70.0,5.0,0.9,29.79
deepsort,shanghai,2,max_dist0.1_max_age100_n_init1_max_iou_dist0.5,0.5,0.5,42.117,-2.063,51.163,11.0,8.333,4.667,49.5,20.3,,961.3,0.1,100.0,1.0,0.5,30.02
deepsort,shanghai,2,max_dist0.1_max_age100_n_init1_max_iou_dist0.7,0.5,0.5,42.52,1.567,51.99,10.667,8.333,4.667,49.8,20.23,,1048.2,0.1,100.0,1.0,0.7,29.27
deepsort,shanghai,2,max_dist0.1_max_age100_n_init1_max_iou_dist0.9,0.5,0.5,42.383,0.157,51.767,10.667,8.333,4.667,49.5,20.32,,961.3,0.1,100.0,1.0,0.9,30.28
deepsort,shanghai,2,max_dist0.1_max_age100_n_init3_max_iou_dist0.5,0.5,0.5,43.573,9.733,53.51,10.667,8.0,5.0,49.5,20.35,,1048.2,0.1,100.0,3.0,0.5,29.9
deepsort,shanghai,2,max_dist0.1_max_age100_n_init3_max_iou_dist0.7,0.5,0.5,43.493,9.367,53.56,10.667,8.0,5.0,49.7,20.2,,961.3,0.1,100.0,3.0,0.7,29.54
deepsort,shanghai,2,max_dist0.1_max_age100_n_init3_max_iou_dist0.9,0.5,0.5,43.493,9.367,53.56,10.667,8.0,5.0,49.1,20.55,,1048.2,0.1,100.0,3.0,0.9,30.17
deepsort,shanghai,2,max_dist0.1_max_age100_n_init5_max_iou_dist0.5,0.5,0.5,47.027,20.347,58.913,7.667,7.667,6.0,47.8,21.1,,961.3,0.1,100.0,5.0,0.5,30.54
deepsort,shanghai,2,max_dist0.1_max_age100_n_init5_max_iou_dist0.7,0.5,0.5,47.187,21.493,59.3,7.333,7.667,6.0,48.2,20.91,,1048.2,0.1,100.0,5.0,0.7,30.69
deepsort,shanghai,2,max_dist0.1_max_age100_n_init5_max_iou_dist0.9,0.5,0.5,47.187,21.493,59.3,7.333,7.667,6.0,47.9,21.05,,961.3,0.1,100.0,5.0,0.9,31.02
deepsort,shanghai,2,max_dist0.2_max_age30_n_init1_max_iou_dist0.5,0.5,0.5,53.82,59.63,71.313,5.333,8.0,5.0,48.3,20.85,,1048.2,0.2,30.0,1.0,0.5,28.93
deepsort,shanghai,2,max_dist0.2_max_age30_n_init1_max_iou_dist0.7,0.5,0.5,54.273,60.217,71.87,4.667,8.0,5.0,48.3,20.83,,961.3,0.2,30.0,1.0,0.7,28.67
deepsort,shanghai,2,max_dist0.2_max_age30_n_init1_max_iou_dist0.9,0.5,0.5,54.273,60.217,71.87,4.667,8.0,5.0,48.1,20.91,,1048.2,0.2,30.0,1.0,0.9,29.08
deepsort,shanghai,2,max_dist0.2_max_age30_n_init3_max_iou_dist0.5,0.5,0.5,54.603,61.08,72.113,4.667,7.667,5.333,48.8,20.67,,961.3,0.2,30.0,3.0,0.5,28.37
deepsort,shanghai,2,max_dist0.2_max_age30_n_init3_max_iou_dist0.7,0.5,0.5,54.393,60.847,72.027,4.667,7.667,5.333,47.3,21.36,,1048.2,0.2,30.0,3.0,0.7,29.02
deepsort,shanghai,2,max_dist0.2_max_age30_n_init3_max_iou_dist0.9,0.5,0.5,54.393,60.847,72.027,4.667,7.667,5.333,48.9,20.62,,961.3,0.2,30.0,3.0,0.9,28.98
deepsort,shanghai,2,max_dist0.2_max_age30_n_init5_max_iou_dist0.5,0.5,0.5,54.487,61.113,71.987,4.333,7.333,5.667,49.1,20.53,,1048.2,0.2,30.0,5.0,0.5,28.65
deepsort,shanghai,2,max_dist0.2_max_age30_n_init5_max_iou_dist0.7,0.5,0.5,54.403,61.057,71.98,4.333,7.333,5.667,48.7,20.65,,961.3,0.2,30.0,5.0,0.7,28.74
deepsort,shanghai,2,max_dist0.2_max_age30_n_init5_max_iou_dist0.9,0.5,0.5,54.403,61.057,71.98,4.333,7.333,5.667,48.7,20.74,,1048.2,0.2,30.0,5.0,0.9,29.82
deepsort,shanghai,2,max_dist0.2_max_age50_n_init1_max_iou_dist0.5,0.5,0.5,52.033,52.727,68.94,5.333,8.0,5.0,46.6,21.55,,961.3,0.2,50.0,1.0,0.5,29.92
deepsort,shanghai,2,max_dist0.2_max_age50_n_init1_max_iou_dist0.7,0.5,0.5,52.517,53.55,69.55,4.667,8.0,5.0,47.3,21.39,,1048.2,0.2,50.0,1.0,0.7,29.39
deepsort,shanghai,2,max_dist0.2_max_age50_n_init1_max_iou_dist0.9,0.5,0.5,52.517,53.55,69.55,4.667,8.0,5.0,47.9,21.11,,961.3,0.2,50.0,1.0,0.9,29.15
deepsort,shanghai,2,max_dist0.2_max_age50_n_init3_max_iou_dist0.5,0.5,0.5,52.62,55.037,69.903,4.667,7.667,5.333,47.3,21.34,,1048.2,0.2,50.0,3.0,0.5,30.8
deepsort,shanghai,2,max_dist0.2_max_age50_n_init3_max_iou_dist0.7,0.5,0.5,52.413,54.803,69.82,4.667,7.667,5.333,47.0,21.45,,961.3,0.2,50.0,3.0,0.7,31.02
deepsort,shanghai,2,max_dist0.2_max_age50_n_init3_max_iou_dist0.9,0.5,0.5,52.413,54.803,69.82,4.667,7.667,5.333,46.5,21.67,,1048.2,0.2,50.0,3.0,0.9,31.0
deepsort,shanghai,2,max_dist0.2_max_age50_n_init5_max_iou_dist0.5,0.5,0.5,52.6,55.387,69.99,4.333,7.333,5.667,47.4,21.21,,961.3,0.2,50.0,5.0,0.5,30.61
deepsort,shanghai,2,max_dist0.2_max_age50_n_init5_max_iou_dist0.7,0.5,0.5,52.527,55.333,69.98,4.333,7.333,5.667,46.9,21.48,,1048.2,0.2,50.0,5.0,0.7,31.34
deepsort,shanghai,2,max_dist0.2_max_age50_n_init5_max_iou_dist0.9,0.5,0.5,52.527,55.333,69.98,4.333,7.333,5.667,45.9,21.88,,961.3,0.2,50.0,5.0,0.9,32.8
deepsort,shanghai,2,max_dist0.2_max_age70_n_init1_max_iou_dist0.5,0.5,0.5,50.837,46.293,68.077,5.0,8.0,5.0,46.7,21.48,,1048.2,0.2,70.0,1.0,0.5,31.42
deepsort,shanghai,2,max_dist0.2_max_age70_n_init1_max_iou_dist0.7,0.5,0.5,51.347,47.357,68.74,4.333,8.0,5.0,47.2,21.26,,961.3,0.2,70.0,1.0,0.7,29.99
deepsort,shanghai,2,max_dist0.2_max_age70_n_init1_max_iou_dist0.9,0.5,0.5,51.347,47.357,68.74,4.333,8.0,5.0,47.0,21.47,,1048.2,0.2,70.0,1.0,0.9,30.73
deepsort,shanghai,2,max_dist0.2_max_age70_n_init3_max_iou_dist0.5,0.5,0.5,50.913,49.64,68.603,4.333,7.667,5.333,45.9,22.05,,961.3,0.2,70.0,3.0,0.5,31.55
deepsort,shanghai,2,max_dist0.2_max_age70_n_init3_max_iou_dist0.7,0.5,0.5,51.283,49.4,69.143,4.333,7.667,5.333,47.1,21.42,,1048.2,0.2,70.0,3.0,0.7,30.43
deepsort,shanghai,2,max_dist0.2_max_age70_n_init3_max_iou_dist0.9,0.5,0.5,51.283,49.4,69.143,4.333,7.667,5.333,46.3,21.82,,961.3,0.2,70.0,3.0,0.9,30.72
deepsort,shanghai,2,max_dist0.2_max_age70_n_init5_max_iou_dist0.5,0.5,0.5,50.967,50.253,68.753,4.0,7.333,5.667,46.6,21.71,,1048.2,0.2,70.0,5.0,0.5,31.5
deepsort,shanghai,2,max_dist0.2_max_age70_n_init5_max_iou_dist0.7,0.5,0.5,50.893,50.197,68.747,4.0,7.333,5.667,46.1,21.88,,961.3,0.2,70.0,5.0,0.7,31.66
deepsort,shanghai,2,max_dist0.2_max_age70_n_init5_max_iou_dist0.9,0.5,0.5,50.893,50.197,68.747,4.0,7.333,5.667,45.9,21.94,,1048.2,0.2,70.0,5.0,0.9,31.53
deepsort,shanghai,2,max_dist0.2_max_age100_n_init1_max_iou_dist0.5,0.5,0.5,47.843,37.89,64.647,5.0,8.0,5.0,46.4,21.72,,961.3,0.2,100.0,1.0,0.5,31.37
deepsort,shanghai,2,max_dist0.2_max_age100_n_init1_max_iou_dist0.7,0.5,0.5,48.403,39.347,65.37,4.333,8.0,5.0,45.9,21.98,,1048.2,0.2,100.0,1.0,0.7,31.8
deepsort,shanghai,2,max_dist0.2_max_age100_n_init1_max_iou_dist0.9,0.5,0.5,48.403,39.347,65.37,4.333,8.0,5.0,46.0,21.97,,961.3,0.2,100.0,1.0,0.9,31.12
deepsort,shanghai,2,max_dist0.2_max_age100_n_init3_max_iou_dist0.5,0.5,0.5,48.147,42.857,65.56,4.333,7.667,5.333,45.0,22.6,,1048.2,0.2,100.0,3.0,0.5,32.67
deepsort,shanghai,2,max_dist0.2_max_age100_n_init3_max_iou_dist0.7,0.5,0.5,48.023,42.697,65.517,4.333,7.667,5.333,44.7,22.69,,961.3,0.2,100.0,3.0,0.7,32.19
deepsort,shanghai,2,max_dist0.2_max_age100_n_init3_max_iou_dist0.9,0.5,0.5,48.023,42.697,65.517,4.333,7.667,5.333,44.4,22.72,,1048.2,0.2,100.0,3.0,0.9,33.07
deepsort,shanghai,2,max_dist0.2_max_age100_n_init5_max_iou_dist0.5,0.5,0.5,48.18,43.7,65.787,4.0,7.333,5.667,44.6,22.65,,961.3,0.2,100.0,5.0,0.5,32.83
deepsort,shanghai,2,max_dist0.2_max_age100_n_init5_max_iou_dist0.7,0.5,0.5,48.153,43.697,65.797,4.0,7.333,5.667,45.1,22.45,,1048.2,0.2,100.0,5.0,0.7,32.91
deepsort,shanghai,2,max_dist0.2_max_age100_n_init5_max_iou_dist0.9,0.5,0.5,48.153,43.697,65.797,4.0,7.333,5.667,43.9,23.17,,961.3,0.2,100.0,5.0,0.9,33.49
deepsort,shanghai,2,max_dist0.3_max_age30_n_init1_max_iou_dist0.5,0.5,0.5,54.23,60.653,72.013,4.667,8.0,5.0,48.0,21.06,,1048.2,0.3,30.0,1.0,0.5,29.48
deepsort,shanghai,2,max_dist0.3_max_age30_n_init1_max_iou_dist0.7,0.5,0.5,54.22,60.643,72.01,4.667,8.0,5.0,47.8,21.21,,961.3,0.3,30.0,1.0,0.7,29.73
deepsort,shanghai,2,max_dist0.3_max_age30_n_init1_max_iou_dist0.9,0.5,0.5,54.22,60.643,72.01,4.667,8.0,5.0,47.9,21.08,,1048.2,0.3,30.0,1.0,0.9,29.43
deepsort,shanghai,2,max_dist0.3_max_age30_n_init3_max_iou_dist0.5,0.5,0.5,54.49,61.183,72.137,4.667,7.667,5.333,47.7,21.23,,961.3,0.3,30.0,3.0,0.5,29.7
deepsort,shanghai,2,max_dist0.3_max_age30_n_init3_max_iou_dist0.7,0.5,0.5,54.27,60.93,72.037,4.667,7.667,5.333,48.0,21.04,,1048.2,0.3,30.0,3.0,0.7,28.91
deepsort,shanghai,2,max_dist0.3_max_age30_n_init3_max_iou_dist0.9,0.5,0.5,54.27,60.93,72.037,4.667,7.667,5.333,47.6,21.28,,961.3,0.3,30.0,3.0,0.9,29.42
deepsort,shanghai,2,max_dist0.3_max_age30_n_init5_max_iou_dist0.5,0.5,0.5,54.38,61.243,72.0,4.333,7.333,5.667,47.7,21.22,,1048.2,0.3,30.0,5.0,0.5,28.99
deepsort,shanghai,2,max_dist0.3_max_age30_n_init5_max_iou_dist0.7,0.5,0.5,54.29,61.167,71.98,4.333,7.333,5.667,47.7,21.14,,961.3,0.3,30.0,5.0,0.7,29.48
deepsort,shanghai,2,max_dist0.3_max_age30_n_init5_max_iou_dist0.9,0.5,0.5,54.29,61.167,71.98,4.333,7.333,5.667,47.1,21.36,,1048.2,0.3,30.0,5.0,0.9,29.85
deepsort,shanghai,2,max_dist0.3_max_age50_n_init1_max_iou_dist0.5,0.5,0.5,52.61,54.537,69.863,4.667,8.0,5.0,47.9,21.05,,961.3,0.3,50.0,1.0,0.5,30.05
deepsort,shanghai,2,max_dist0.3_max_age50_n_init1_max_iou_dist0.7,0.5,0.5,52.6,54.523,69.857,4.667,8.0,5.0,48.3,20.9,,1048.2,0.3,50.0,1.0,0.7,29.62
deepsort,shanghai,2,max_dist0.3_max_age50_n_init1_max_iou_dist0.9,0.5,0.5,52.6,54.523,69.857,4.667,8.0,5.0,48.1,21.0,,961.3,0.3,50.0,1.0,0.9,29.84
deepsort,shanghai,2,max_dist0.3_max_age50_n_init3_max_iou_dist0.5,0.5,0.5,52.91,55.337,70.067,4.667,7.667,5.333,47.9,21.05,,1048.2,0.3,50.0,3.0,0.5,30.24
deepsort,shanghai,2,max_dist0.3_max_age50_n_init3_max_iou_dist0.7,0.5,0.5,52.7,55.08,69.97,4.667,7.667,5.333,47.0,21.46,,961.3,0.3,50.0,3.0,0.7,29.81
deepsort,shanghai,2,max_dist0.3_max_age50_n_init3_max_iou_dist0.9,0.5,0.5,52.7,55.08,69.97,4.667,7.667,5.333,47.0,21.44,,1048.2,0.3,50.0,3.0,0.9,30.88
deepsort,shanghai,2,max_dist0.3_max_age50_n_init5_max_iou_dist0.5,0.5,0.5,52.573,55.92,69.547,4.333,7.333,5.667,47.8,21.01,,961.3,0.3,50.0,5.0,0.5,30.06
deepsort,shanghai,2,max_dist0.3_max_age50_n_init5_max_iou_dist0.7,0.5,0.5,52.49,55.843,69.527,4.333,7.333,5.667,47.8,21.07,,1048.2,0.3,50.0,5.0,0.7,29.85
deepsort,shanghai,2,max_dist0.3_max_age50_n_init5_max_iou_dist0.9,0.5,0.5,52.49,55.843,69.527,4.333,7.333,5.667,48.5,20.73,,961.3,0.3,50.0,5.0,0.9,29.53
deepsort,shanghai,2,max_dist0.3_max_age70_n_init1_max_iou_dist0.5,0.5,0.5,49.643,48.397,66.4,4.333,8.0,5.0,46.1,21.91,,1048.2,0.3,70.0,1.0,0.5,31.46
deepsort,shanghai,2,max_dist0.3_max_age70_n_init1_max_iou_dist0.7,0.5,0.5,49.657,48.42,66.413,4.333,8.0,5.0,46.2,21.82,,961.3,0.3,70.0,1.0,0.7,31.36
deepsort,shanghai,2,max_dist0.3_max_age70_n_init1_max_iou_dist0.9,0.5,0.5,49.657,48.42,66.413,4.333,8.0,5.0,46.3,21.78,,1048.2,0.3,70.0,1.0,0.9,31.41
deepsort,shanghai,2,max_dist0.3_max_age70_n_init3_max_iou_dist0.5,0.5,0.5,49.907,49.387,66.627,4.333,7.667,5.333,46.3,21.76,,961.3,0.3,70.0,3.0,0.5,31.41
deepsort,shanghai,2,max_dist0.3_max_age70_n_init3_max_iou_dist0.7,0.5,0.5,49.777,49.203,66.563,4.333,7.667,5.333,46.5,21.65,,1048.2,0.3,70.0,3.0,0.7,30.95
deepsort,shanghai,2,max_dist0.3_max_age70_n_init3_max_iou_dist0.9,0.5,0.5,49.777,49.203,66.563,4.333,7.667,5.333,45.9,21.93,,961.3,0.3,70.0,3.0,0.9,31.91
deepsort,shanghai,2,max_dist0.3_max_age70_n_init5_max_iou_dist0.5,0.5,0.5,49.933,49.95,66.763,4.0,7.333,5.667,45.9,21.91,,1048.2,0.3,70.0,5.0,0.5,31.73
deepsort,shanghai,2,max_dist0.3_max_age70_n_init5_max_iou_dist0.7,0.5,0.5,49.897,49.92,66.763,4.0,7.333,5.667,46.4,21.71,,961.3,0.3,70.0,5.0,0.7,31.85
deepsort,shanghai,2,max_dist0.3_max_age70_n_init5_max_iou_dist0.9,0.5,0.5,49.897,49.92,66.763,4.0,7.333,5.667,45.9,21.9,,1048.2,0.3,70.0,5.0,0.9,31.7
deepsort,shanghai,2,max_dist0.3_max_age100_n_init1_max_iou_dist0.5,0.5,0.5,47.317,40.74,63.543,4.333,8.0,5.0,45.7,22.11,,961.3,0.3,100.0,1.0,0.5,31.73
deepsort,shanghai,2,max_dist0.3_max_age100_n_init1_max_iou_dist0.7,0.5,0.5,47.33,40.767,63.557,4.333,8.0,5.0,45.0,22.52,,1048.2,0.3,100.0,1.0,0.7,32.14
deepsort,shanghai,2,max_dist0.3_max_age100_n_init1_max_iou_dist0.9,0.5,0.5,47.33,40.767,63.557,4.333,8.0,5.0,45.7,22.12,,961.3,0.3,100.0,1.0,0.9,32.04
deepsort,shanghai,2,max_dist0.3_max_age100_n_init3_max_iou_dist0.5,0.5,0.5,47.61,42.067,63.847,4.333,7.667,5.333,45.3,22.34,,1048.2,0.3,100.0,3.0,0.5,32.43
deepsort,shanghai,2,max_dist0.3_max_age100_n_init3_max_iou_dist0.7,0.5,0.5,47.483,41.88,63.793,4.333,7.667,5.333,45.8,22.05,,961.3,0.3,100.0,3.0,0.7,32.2
deepsort,shanghai,2,max_dist0.3_max_age100_n_init3_max_iou_dist0.9,0.5,0.5,47.483,41.88,63.793,4.333,7.667,5.333,45.6,22.14,,1048.2,0.3,100.0,3.0,0.9,32.2
deepsort,shanghai,2,max_dist0.3_max_age100_n_init5_max_iou_dist0.5,0.5,0.5,47.83,43.847,64.357,4.0,7.333,5.667,44.7,22.69,,961.3,0.3,100.0,5.0,0.5,33.33
deepsort,shanghai,2,max_dist0.3_max_age100_n_init5_max_iou_dist0.7,0.5,0.5,47.793,43.813,64.36,4.0,7.333,5.667,45.6,22.13,,1048.2,0.3,100.0,5.0,0.7,31.97
deepsort,shanghai,2,max_dist0.3_max_age100_n_init5_max_iou_dist0.9,0.5,0.5,47.793,43.813,64.36,4.0,7.333,5.667,45.4,22.25,,961.3,0.3,100.0,5.0,0.9,32.82
deepsort,shanghai,2,max_dist0.5_max_age30_n_init1_max_iou_dist0.5,0.5,0.5,53.813,60.427,71.633,5.0,8.0,5.0,49.1,20.53,,1048.2,0.5,30.0,1.0,0.5,29.25
deepsort,shanghai,2,max_dist0.5_max_age30_n_init1_max_iou_dist0.7,0.5,0.5,53.807,60.417,71.627,5.0,8.0,5.0,48.4,20.8,,961.3,0.5,30.0,1.0,0.7,29.56
deepsort,shanghai,2,max_dist0.5_max_age30_n_init1_max_iou_dist0.9,0.5,0.5,53.807,60.417,71.627,5.0,8.0,5.0,48.6,20.72,,1048.2,0.5,30.0,1.0,0.9,29.29
deepsort,shanghai,2,max_dist0.5_max_age30_n_init3_max_iou_dist0.5,0.5,0.5,54.083,60.947,71.757,5.0,7.667,5.333,48.5,20.78,,961.3,0.5,30.0,3.0,0.5,29.6
deepsort,shanghai,2,max_dist0.5_max_age30_n_init3_max_iou_dist0.7,0.5,0.5,53.863,60.69,71.657,5.0,7.667,5.333,48.4,20.8,,1048.2,0.5,30.0,3.0,0.7,29.05
deepsort,shanghai,2,max_dist0.5_max_age30_n_init3_max_iou_dist0.9,0.5,0.5,53.863,60.69,71.657,5.0,7.667,5.333,48.6,20.72,,961.3,0.5,30.0,3.0,0.9,29.58
deepsort,shanghai,2,max_dist0.5_max_age30_n_init5_max_iou_dist0.5,0.5,0.5,54.38,61.243,72.0,4.333,7.333,5.667,48.6,20.74,,1048.2,0.5,30.0,5.0,0.5,29.1
deepsort,shanghai,2,max_dist0.5_max_age30_n_init5_max_iou_dist0.7,0.5,0.5,54.29,61.167,71.98,4.333,7.333,5.667,48.4,20.78,,961.3,0.5,30.0,5.0,0.7,29.35
deepsort,shanghai,2,max_dist0.5_max_age30_n_init5_max_iou_dist0.9,0.5,0.5,54.29,61.167,71.98,4.333,7.333,5.667,48.7,20.68,,1048.2,0.5,30.0,5.0,0.9,29.25
deepsort,shanghai,2,max_dist0.5_max_age50_n_init1_max_iou_dist0.5,0.5,0.5,52.177,54.26,69.477,5.0,8.0,5.0,48.3,20.84,,961.3,0.5,50.0,1.0,0.5,29.27
deepsort,shanghai,2,max_dist0.5_max_age50_n_init1_max_iou_dist0.7,0.5,0.5,52.167,54.25,69.473,5.0,8.0,5.0,48.7,20.7,,1048.2,0.5,50.0,1.0,0.7,29.81
deepsort,shanghai,2,max_dist0.5_max_age50_n_init1_max_iou_dist0.9,0.5,0.5,52.167,54.25,69.473,5.0,8.0,5.0,48.8,20.64,,961.3,0.5,50.0,1.0,0.9,29.16
deepsort,shanghai,2,max_dist0.5_max_age50_n_init3_max_iou_dist0.5,0.5,0.5,51.94,55.143,69.243,5.0,7.667,5.333,47.8,21.12,,1048.2,0.5,50.0,3.0,0.5,30.07
deepsort,shanghai,2,max_dist0.5_max_age50_n_init3_max_iou_dist0.7,0.5,0.5,52.273,54.797,69.587,5.0,7.667,5.333,48.7,20.67,,961.3,0.5,50.0,3.0,0.7,29.56
deepsort,shanghai,2,max_dist0.5_max_age50_n_init3_max_iou_dist0.9,0.5,0.5,52.273,54.797,69.587,5.0,7.667,5.333,48.1,20.93,,1048.2,0.5,50.0,3.0,0.9,29.45
deepsort,shanghai,2,max_dist0.5_max_age50_n_init5_max_iou_dist0.5,0.5,0.5,52.237,56.04,69.597,4.333,7.333,5.667,47.6,21.12,,961.3,0.5,50.0,5.0,0.5,30.03
deepsort,shanghai,2,max_dist0.5_max_age50_n_init5_max_iou_dist0.7,0.5,0.5,52.153,55.963,69.58,4.333,7.333,5.667,47.7,21.06,,1048.2,0.5,50.0,5.0,0.7,30.14
deepsort,shanghai,2,max_dist0.5_max_age50_n_init5_max_iou_dist0.9,0.5,0.5,52.153,55.963,69.58,4.333,7.333,5.667,47.8,21.04,,961.3,0.5,50.0,5.0,0.9,30.58
deepsort,shanghai,2,max_dist0.5_max_age70_n_init1_max_iou_dist0.5,0.5,0.5,49.097,48.17,66.02,4.667,8.0,5.0,46.2,21.78,,1048.2,0.5,70.0,1.0,0.5,31.17
deepsort,shanghai,2,max_dist0.5_max_age70_n_init1_max_iou_dist0.7,0.5,0.5,49.107,48.193,66.033,4.667,8.0,5.0,46.1,21.82,,961.3,0.5,70.0,1.0,0.7,31.31
deepsort,shanghai,2,max_dist0.5_max_age70_n_init1_max_iou_dist0.9,0.5,0.5,49.107,48.193,66.033,4.667,8.0,5.0,46.4,21.69,,1048.2,0.5,70.0,1.0,0.9,31.29
deepsort,shanghai,2,max_dist0.5_max_age70_n_init3_max_iou_dist0.5,0.5,0.5,49.363,49.147,66.26,4.667,7.667,5.333,46.1,21.88,,961.3,0.5,70.0,3.0,0.5,31.67
deepsort,shanghai,2,max_dist0.5_max_age70_n_init3_max_iou_dist0.7,0.5,0.5,49.237,48.963,66.197,4.667,7.667,5.333,46.1,21.92,,1048.2,0.5,70.0,3.0,0.7,31.73
deepsort,shanghai,2,max_dist0.5_max_age70_n_init3_max_iou_dist0.9,0.5,0.5,49.237,48.963,66.197,4.667,7.667,5.333,46.2,21.81,,961.3,0.5,70.0,3.0,0.9,31.73
deepsort,shanghai,2,max_dist0.5_max_age70_n_init5_max_iou_dist0.5,0.5,0.5,49.933,49.95,66.763,4.0,7.333,5.667,46.3,21.74,,1048.2,0.5,70.0,5.0,0.5,31.24
deepsort,shanghai,2,max_dist0.5_max_age70_n_init5_max_iou_dist0.7,0.5,0.5,49.897,49.92,66.763,4.0,7.333,5.667,46.4,21.71,,961.3,0.5,70.0,5.0,0.7,31.45
deepsort,shanghai,2,max_dist0.5_max_age70_n_init5_max_iou_dist0.9,0.5,0.5,49.897,49.92,66.763,4.0,7.333,5.667,46.1,21.85,,1048.2,0.5,70.0,5.0,0.9,31.24
deepsort,shanghai,2,max_dist0.5_max_age100_n_init1_max_iou_dist0.5,0.5,0.5,47.103,42.137,63.413,4.667,8.0,5.0,45.1,22.48,,961.3,0.5,100.0,1.0,0.5,32.34
deepsort,shanghai,2,max_dist0.5_max_age100_n_init1_max_iou_dist0.7,0.5,0.5,47.117,42.16,63.427,4.667,8.0,5.0,45.1,22.44,,1048.2,0.5,100.0,1.0,0.7,32.2
deepsort,shanghai,2,max_dist0.5_max_age100_n_init1_max_iou_dist0.9,0.5,0.5,47.117,42.16,63.427,4.667,8.0,5.0,45.4,22.32,,961.3,0.5,100.0,1.0,0.9,32.52
deepsort,shanghai,2,max_dist0.5_max_age100_n_init3_max_iou_dist0.5,0.5,0.5,47.373,43.403,63.66,4.667,7.667,5.333,45.5,22.22,,1048.2,0.5,100.0,3.0,0.5,32.51
deepsort,shanghai,2,max_dist0.5_max_age100_n_init3_max_iou_dist0.7,0.5,0.5,47.247,43.217,63.603,4.667,7.667,5.333,45.4,22.3,,961.3,0.5,100.0,3.0,0.7,32.0
deepsort,shanghai,2,max_dist0.5_max_age100_n_init3_max_iou_dist0.9,0.5,0.5,47.247,43.217,63.603,4.667,7.667,5.333,45.4,22.27,,1048.2,0.5,100.0,3.0,0.9,32.14
deepsort,shanghai,2,max_dist0.5_max_age100_n_init5_max_iou_dist0.5,0.5,0.5,47.687,43.703,63.583,4.0,7.333,5.667,44.7,22.61,,961.3,0.5,100.0,5.0,0.5,33.18
deepsort,shanghai,2,max_dist0.5_max_age100_n_init5_max_iou_dist0.7,0.5,0.5,47.653,43.67,63.587,4.0,7.333,5.667,45.1,22.38,,1048.2,0.5,100.0,5.0,0.7,32.07
deepsort,shanghai,2,max_dist0.5_max_age100_n_init5_max_iou_dist0.9,0.5,0.5,47.653,43.67,63.587,4.0,7.333,5.667,45.3,22.28,,961.3,0.5,100.0,5.0,0.9,32.43
deepsort,gmot,2,max_dist0.1_max_age30_n_init1_max_iou_dist0.5,0.3,0.5,18.42,-17.931,21.006,85.875,7.125,25.125,57.2,28.59,,2925.4,0.1,30.0,1.0,0.5,39.88
deepsort,gmot,2,max_dist0.1_max_age30_n_init1_max_iou_dist0.7,0.3,0.5,18.645,-15.864,21.446,83.5,6.25,25.375,58.5,28.59,,2847.3,0.1,30.0,1.0,0.7,39.95
deepsort,gmot,2,max_dist0.1_max_age30_n_init1_max_iou_dist0.9,0.3,0.5,18.714,-15.54,21.616,84.375,6.375,25.375,56.9,28.83,,2923.6,0.1,30.0,1.0,0.9,40.72
deepsort,gmot,2,max_dist0.1_max_age30_n_init3_max_iou_dist0.5,0.3,0.5,18.398,-6.338,21.945,57.0,5.25,27.5,59.0,27.82,,2770.1,0.1,30.0,3.0,0.5,38.48
deepsort,gmot,2,max_dist0.1_max_age30_n_init3_max_iou_dist0.7,0.3,0.5,18.416,-6.064,22.021,57.625,4.875,27.75,58.3,28.12,,2848.0,0.1,30.0,3.0,0.7,38.68
deepsort,gmot,2,max_dist0.1_max_age30_n_init3_max_iou_dist0.9,0.3,0.5,18.488,-5.912,22.18,58.5,4.875,27.875,58.7,27.76,,2693.3,0.1,30.0,3.0,0.9,38.49
deepsort,gmot,2,max_dist0.1_max_age30_n_init5_max_iou_dist0.5,0.3,0.5,17.459,1.891,21.605,29.625,4.0,31.875,59.9,26.55,,2923.6,0.1,30.0,5.0,0.5,36.63
deepsort,gmot,2,max_dist0.1_max_age30_n_init5_max_iou_dist0.7,0.3,0.5,17.47,1.255,21.608,30.875,4.0,31.5,59.3,27.11,,2770.9,0.1,30.0,5.0,0.7,37.59
deepsort,gmot,2,max_dist0.1_max_age30_n_init5_max_iou_dist0.9,0.3,0.5,17.466,0.734,21.643,32.0,3.625,31.5,60.0,26.86,,2848.0,0.1,30.0,5.0,0.9,37.15
deepsort,gmot,2,max_dist0.1_max_age50_n_init1_max_iou_dist0.5,0.3,0.5,17.329,-45.035,19.24,89.5,7.375,25.0,54.6,31.08,,2770.9,0.1,50.0,1.0,0.5,44.52
deepsort,gmot,2,max_dist0.1_max_age50_n_init1_max_iou_dist0.7,0.3,0.5,17.64,-41.12,19.858,86.875,6.375,25.125,54.9,31.3,,2925.4,0.1,50.0,1.0,0.7,44.96
deepsort,gmot,2,max_dist0.1_max_age50_n_init1_max_iou_dist0.9,0.3,0.5,17.7,-40.506,19.984,87.75,6.5,25.25,55.0,31.36,,2770.9,0.1,50.0,1.0,0.9,44.76
deepsort,gmot,2,max_dist0.1_max_age50_n_init3_max_iou_dist0.5,0.3,0.5,17.585,-25.014,20.626,60.0,5.375,27.5,54.0,31.13,,2923.3,0.1,50.0,3.0,0.5,44.51
deepsort,gmot,2,max_dist0.1_max_age50_n_init3_max_iou_dist0.7,0.3,0.5,17.69,-23.933,20.869,60.5,5.0,27.625,55.0,30.7,,2848.0,0.1,50.0,3.0,0.7,43.5
deepsort,gmot,2,max_dist0.1_max_age50_n_init3_max_iou_dist0.9,0.3,0.5,17.756,-23.521,21.001,61.25,5.0,27.75,54.2,30.9,,3000.2,0.1,50.0,3.0,0.9,43.6
deepsort,gmot,2,max_dist0.1_max_age50_n_init5_max_iou_dist0.5,0.3,0.5,16.737,-9.197,20.346,31.375,4.0,31.625,57.9,28.43,,2847.2,0.1,50.0,5.0,0.5,40.88
deepsort,gmot,2,max_dist0.1_max_age50_n_init5_max_iou_dist0.7,0.3,0.5,16.78,-9.617,20.444,32.5,4.0,31.25,56.7,28.68,,2848.0,0.1,50.0,5.0,0.7,40.29
deepsort,gmot,2,max_dist0.1_max_age50_n_init5_max_iou_dist0.9,0.3,0.5,16.779,-10.008,20.486,33.375,3.625,31.125,57.9,28.45,,2925.4,0.1,50.0,5.0,0.9,41.08
deepsort,gmot,2,max_dist0.1_max_age70_n_init1_max_iou_dist0.5,0.3,0.5,16.614,-67.585,18.196,90.5,7.375,25.0,53.4,33.07,,2848.0,0.1,70.0,1.0,0.5,50.25
deepsort,gmot,2,max_dist0.1_max_age70_n_init1_max_iou_dist0.7,0.3,0.5,16.971,-62.444,18.806,88.125,6.5,25.125,54.3,32.91,,2999.9,0.1,70.0,1.0,0.7,48.99
deepsort,gmot,2,max_dist0.1_max_age70_n_init1_max_iou_dist0.9,0.3,0.5,17.031,-61.515,18.934,89.0,6.625,25.25,53.9,33.03,,2845.9,0.1,70.0,1.0,0.9,49.77
deepsort,gmot,2,max_dist0.1_max_age70_n_init3_max_iou_dist0.5,0.3,0.5,17.064,-40.267,19.744,60.125,5.375,27.5,54.9,31.55,,2999.9,0.1,70.0,3.0,0.5,46.68
deepsort,gmot,2,max_dist0.1_max_age70_n_init3_max_iou_dist0.7,0.3,0.5,17.177,-38.734,19.984,61.125,5.125,27.625,55.2,31.72,,2770.9,0.1,70.0,3.0,0.7,47.03
deepsort,gmot,2,max_dist0.1_max_age70_n_init3_max_iou_dist0.9,0.3,0.5,17.205,-38.449,20.06,62.25,5.125,27.625,54.4,32.3,,2923.5,0.1,70.0,3.0,0.9,47.44
deepsort,gmot,2,max_dist0.1_max_age70_n_init5_max_iou_dist0.5,0.3,0.5,16.321,-18.055,19.615,32.125,4.125,31.625,56.9,29.3,,2847.8,0.1,70.0,5.0,0.5,42.38
deepsort,gmot,2,max_dist0.1_max_age70_n_init5_max_iou_dist0.7,0.3,0.5,16.326,-18.497,19.704,33.5,4.125,31.25,56.0,29.73,,2925.4,0.1,70.0,5.0,0.7,43.34
deepsort,gmot,2,max_dist0.1_max_age70_n_init5_max_iou_dist0.9,0.3,0.5,16.279,-19.262,19.71,34.5,3.75,31.125,55.0,30.4,,2848.0,0.1,70.0,5.0,0.9,44.94
deepsort,gmot,2,max_dist0.1_max_age100_n_init1_max_iou_dist0.5,0.3,0.5,15.836,-95.081,16.973,93.0,7.375,24.75,51.6,34.58,,2693.3,0.1,100.0,1.0,0.5,54.7
deepsort,gmot,2,max_dist0.1_max_age100_n_init1_max_iou_dist0.7,0.3,0.5,16.129,-88.505,17.505,91.125,6.5,24.875,51.6,34.53,,2923.3,0.1,100.0,1.0,0.7,54.83
deepsort,gmot,2,max_dist0.1_max_age100_n_init1_max_iou_dist0.9,0.3,0.5,16.172,-87.13,17.574,91.625,6.625,25.125,51.7,35.07,,3000.2,0.1,100.0,1.0,0.9,55.28
deepsort,gmot,2,max_dist0.1_max_age100_n_init3_max_iou_dist0.5,0.3,0.5,16.101,-59.126,18.297,62.875,5.5,27.375,52.4,33.34,,2770.9,0.1,100.0,3.0,0.5,51.52
deepsort,gmot,2,max_dist0.1_max_age100_n_init3_max_iou_dist0.7,0.3,0.5,16.135,-57.215,18.438,64.375,5.125,27.375,53.0,33.24,,2923.5,0.1,100.0,3.0,0.7,51.12
deepsort,gmot,2,max_dist0.1_max_age100_n_init3_max_iou_dist0.9,0.3,0.5,16.144,-56.781,18.436,65.0,5.125,27.5,52.8,33.78,,2770.9,0.1,100.0,3.0,0.9,51.94
deepsort,gmot,2,max_dist0.1_max_age100_n_init5_max_iou_dist0.5,0.3,0.5,15.66,-28.649,18.608,32.875,4.25,31.625,55.9,30.18,,2924.6,0.1,100.0,5.0,0.5,45.14
deepsort,gmot,2,max_dist0.1_max_age100_n_init5_max_iou_dist0.7,0.3,0.5,15.637,-29.002,18.59,34.5,4.125,31.25,54.6,30.78,,3000.2,0.1,100.0,5.0,0.7,46.3
deepsort,gmot,2,max_dist0.1_max_age100_n_init5_max_iou_dist0.9,0.3,0.5,15.58,-29.834,18.588,35.75,3.75,31.125,54.5,31.03,,2768.8,0.1,100.0,5.0,0.9,47.96
deepsort,gmot,2,max_dist0.2_max_age30_n_init1_max_iou_dist0.5,0.3,0.5,20.639,-2.987,25.178,65.0,7.75,25.375,55.9,28.91,,2924.6,0.2,30.0,1.0,0.5,41.95
deepsort,gmot,2,max_dist0.2_max_age30_n_init1_max_iou_dist0.7,0.3,0.5,20.926,-1.31,25.65,62.5,6.625,25.375,55.7,29.18,,2770.9,0.2,30.0,1.0,0.7,42.13
deepsort,gmot,2,max_dist0.2_max_age30_n_init1_max_iou_dist0.9,0.3,0.5,20.917,-1.389,25.7,64.875,7.0,25.125,55.9,28.94,,2924.6,0.2,30.0,1.0,0.9,41.77
deepsort,gmot,2,max_dist0.2_max_age30_n_init3_max_iou_dist0.5,0.3,0.5,20.082,2.1,25.145,51.625,6.25,26.75,56.8,28.49,,2770.9,0.2,30.0,3.0,0.5,41.09
deepsort,gmot,2,max_dist0.2_max_age30_n_init3_max_iou_dist0.7,0.3,0.5,20.18,3.06,25.273,49.0,5.875,26.875,56.8,28.19,,2924.6,0.2,30.0,3.0,0.7,40.4
deepsort,gmot,2,max_dist0.2_max_age30_n_init3_max_iou_dist0.9,0.3,0.5,20.188,2.96,25.379,50.25,6.0,26.75,56.9,28.36,,2997.9,0.2,30.0,3.0,0.9,39.99
deepsort,gmot,2,max_dist0.2_max_age30_n_init5_max_iou_dist0.5,0.3,0.5,18.989,6.405,24.544,32.125,4.875,30.125,58.5,27.39,,2848.0,0.2,30.0,5.0,0.5,39.04
deepsort,gmot,2,max_dist0.2_max_age30_n_init5_max_iou_dist0.7,0.3,0.5,19.114,6.262,24.661,31.875,4.625,30.125,57.6,27.89,,2924.6,0.2,30.0,5.0,0.7,40.58
deepsort,gmot,2,max_dist0.2_max_age30_n_init5_max_iou_dist0.9,0.3,0.5,19.002,5.811,24.496,32.5,4.375,30.125,58.2,27.61,,3000.2,0.2,30.0,5.0,0.9,39.47
deepsort,gmot,2,max_dist0.2_max_age50_n_init1_max_iou_dist0.5,0.3,0.5,19.774,-18.119,23.744,69.875,7.875,25.25,53.0,31.55,,2925.4,0.2,50.0,1.0,0.5,46.83
deepsort,gmot,2,max_dist0.2_max_age50_n_init1_max_iou_dist0.7,0.3,0.5,20.081,-15.134,24.315,68.875,6.875,25.125,52.0,31.54,,2848.0,0.2,50.0,1.0,0.7,46.88
deepsort,gmot,2,max_dist0.2_max_age50_n_init1_max_iou_dist0.9,0.3,0.5,20.06,-14.964,24.321,72.0,7.125,25.0,53.4,31.72,,2923.3,0.2,50.0,1.0,0.9,47.12
deepsort,gmot,2,max_dist0.2_max_age50_n_init3_max_iou_dist0.5,0.3,0.5,19.598,-7.662,24.315,54.5,6.25,26.5,52.9,31.37,,2999.9,0.2,50.0,3.0,0.5,47.49
deepsort,gmot,2,max_dist0.2_max_age50_n_init3_max_iou_dist0.7,0.3,0.5,19.565,-6.306,24.381,52.875,6.0,26.5,52.8,31.46,,2770.9,0.2,50.0,3.0,0.7,47.5
deepsort,gmot,2,max_dist0.2_max_age50_n_init3_max_iou_dist0.9,0.3,0.5,19.546,-6.111,24.411,54.125,5.875,26.375,53.5,30.75,,2924.6,0.2,50.0,3.0,0.9,45.92
deepsort,gmot,2,max_dist0.2_max_age50_n_init5_max_iou_dist0.5,0.3,0.5,18.512,-0.469,23.325,38.0,4.875,29.625,55.3,30.34,,2848.0,0.2,50.0,5.0,0.5,45.06
deepsort,gmot,2,max_dist0.2_max_age50_n_init5_max_iou_dist0.7,0.3,0.5,18.656,-0.46,23.859,38.875,4.875,29.625,53.7,30.13,,2925.4,0.2,50.0,5.0,0.7,45.89
deepsort,gmot,2,max_dist0.2_max_age50_n_init5_max_iou_dist0.9,0.3,0.5,18.57,-0.578,23.72,39.125,4.5,29.625,54.5,30.05,,2770.9,0.2,50.0,5.0,0.9,45.08
deepsort,gmot,2,max_dist0.2_max_age70_n_init1_max_iou_dist0.5,0.3,0.5,19.11,-27.707,22.657,72.0,7.875,25.25,51.4,32.56,,2925.4,0.2,70.0,1.0,0.5,50.83
deepsort,gmot,2,max_dist0.2_max_age70_n_init1_max_iou_dist0.7,0.3,0.5,19.435,-23.606,23.316,69.5,7.125,25.25,51.5,32.31,,2770.2,0.2,70.0,1.0,0.7,51.08
deepsort,gmot,2,max_dist0.2_max_age70_n_init1_max_iou_dist0.9,0.3,0.5,19.41,-23.43,23.309,70.125,7.25,25.125,51.2,32.56,,2925.4,0.2,70.0,1.0,0.9,52.07
deepsort,gmot,2,max_dist0.2_max_age70_n_init3_max_iou_dist0.5,0.3,0.5,19.065,-14.56,23.401,55.625,6.5,26.5,52.4,32.21,,2998.6,0.2,70.0,3.0,0.5,49.81
deepsort,gmot,2,max_dist0.2_max_age70_n_init3_max_iou_dist0.7,0.3,0.5,19.154,-13.011,23.624,53.5,6.0,26.5,52.0,31.91,,2923.3,0.2,70.0,3.0,0.7,49.24
deepsort,gmot,2,max_dist0.2_max_age70_n_init3_max_iou_dist0.9,0.3,0.5,19.082,-13.365,23.536,56.375,6.125,26.375,50.3,32.07,,2770.9,0.2,70.0,3.0,0.9,50.89
deepsort,gmot,2,max_dist0.2_max_age70_n_init5_max_iou_dist0.5,0.3,0.5,17.894,-5.33,22.317,41.75,4.875,29.5,53.2,30.72,,2924.6,0.2,70.0,5.0,0.5,47.53
deepsort,gmot,2,max_dist0.2_max_age70_n_init5_max_iou_dist0.7,0.3,0.5,18.109,-5.635,22.929,43.75,4.875,29.5,51.1,31.64,,3000.2,0.2,70.0,5.0,0.7,48.96
deepsort,gmot,2,max_dist0.2_max_age70_n_init5_max_iou_dist0.9,0.3,0.5,17.986,-6.221,22.716,43.875,4.625,29.5,51.5,31.73,,2848.0,0.2,70.0,5.0,0.9,49.05
deepsort,gmot,2,max_dist0.2_max_age100_n_init1_max_iou_dist0.5,0.3,0.5,18.26,-38.123,21.515,74.125,8.0,25.25,48.7,34.8,,2999.4,0.2,100.0,1.0,0.5,56.76
deepsort,gmot,2,max_dist0.2_max_age100_n_init1_max_iou_dist0.7,0.3,0.5,18.31,-33.354,21.828,72.75,7.25,25.25,48.4,35.36,,2848.0,0.2,100.0,1.0,0.7,58.36
deepsort,gmot,2,max_dist0.2_max_age100_n_init1_max_iou_dist0.9,0.3,0.5,18.325,-33.433,21.846,73.75,7.375,25.125,45.5,37.4,,2770.9,0.2,100.0,1.0,0.9,62.6
deepsort,gmot,2,max_dist0.2_max_age100_n_init3_max_iou_dist0.5,0.3,0.5,18.534,-22.041,22.302,61.875,6.625,26.5,44.0,34.67,,2923.3,0.2,100.0,3.0,0.5,54.81
deepsort,gmot,2,max_dist0.2_max_age100_n_init3_max_iou_dist0.7,0.3,0.5,18.405,-20.63,22.409,59.375,6.25,26.5,47.7,34.2,,2848.0,0.2,100.0,3.0,0.7,55.38
deepsort,gmot,2,max_dist0.2_max_age100_n_init3_max_iou_dist0.9,0.3,0.5,18.406,-20.453,22.495,60.875,6.25,26.375,48.9,34.31,,3000.2,0.2,100.0,3.0,0.9,55.87
deepsort,gmot,2,max_dist0.2_max_age100_n_init5_max_iou_dist0.5,0.3,0.5,17.555,-9.839,21.899,43.0,5.0,29.5,50.0,33.32,,2848.0,0.2,100.0,5.0,0.5,52.27
deepsort,gmot,2,max_dist0.2_max_age100_n_init5_max_iou_dist0.7,0.3,0.5,17.594,-10.195,22.131,46.25,5.125,29.5,47.2,33.99,,2999.4,0.2,100.0,5.0,0.7,54.84
deepsort,gmot,2,max_dist0.2_max_age100_n_init5_max_iou_dist0.9,0.3,0.5,17.512,-10.73,22.135,46.5,4.75,29.5,48.1,34.56,,2848.0,0.2,100.0,5.0,0.9,56.59
deepsort,gmot,2,max_dist0.3_max_age30_n_init1_max_iou_dist0.5,0.3,0.5,20.406,-3.566,24.838,70.375,7.625,25.125,49.3,31.76,,2770.1,0.3,30.0,1.0,0.5,45.92
deepsort,gmot,2,max_dist0.3_max_age30_n_init1_max_iou_dist0.7,0.3,0.5,20.691,-1.15,25.356,67.75,6.75,25.0,52.1,31.05,,2848.0,0.3,30.0,1.0,0.7,44.81
deepsort,gmot,2,max_dist0.3_max_age30_n_init1_max_iou_dist0.9,0.3,0.5,20.839,-0.745,25.553,68.125,7.0,25.0,52.4,30.41,,2999.4,0.3,30.0,1.0,0.9,45.16
deepsort,gmot,2,max_dist0.3_max_age30_n_init3_max_iou_dist0.5,0.3,0.5,19.925,1.94,25.006,56.0,6.5,26.375,55.6,29.65,,2846.2,0.3,30.0,3.0,0.5,42.07
deepsort,gmot,2,max_dist0.3_max_age30_n_init3_max_iou_dist0.7,0.3,0.5,20.036,3.179,25.111,52.375,6.125,26.5,54.3,30.39,,3000.2,0.3,30.0,3.0,0.7,44.87
deepsort,gmot,2,max_dist0.3_max_age30_n_init3_max_iou_dist0.9,0.3,0.5,20.099,2.879,25.301,52.625,6.0,26.5,52.9,30.12,,2848.0,0.3,30.0,3.0,0.9,44.23
deepsort,gmot,2,max_dist0.3_max_age30_n_init5_max_iou_dist0.5,0.3,0.5,18.883,5.877,24.496,34.875,5.0,30.0,55.7,29.4,,2693.3,0.3,30.0,5.0,0.5,43.71
deepsort,gmot,2,max_dist0.3_max_age30_n_init5_max_iou_dist0.7,0.3,0.5,18.916,6.245,24.318,34.375,4.75,29.75,55.3,29.66,,2923.6,0.3,30.0,5.0,0.7,44.38
deepsort,gmot,2,max_dist0.3_max_age30_n_init5_max_iou_dist0.9,0.3,0.5,18.835,5.187,24.214,36.125,4.375,29.75,55.3,29.77,,2770.9,0.3,30.0,5.0,0.9,43.4
deepsort,gmot,2,max_dist0.3_max_age50_n_init1_max_iou_dist0.5,0.3,0.5,19.441,-17.165,23.268,74.25,7.875,25.0,50.2,31.52,,2846.2,0.3,50.0,1.0,0.5,48.09
deepsort,gmot,2,max_dist0.3_max_age50_n_init1_max_iou_dist0.7,0.3,0.5,19.801,-13.89,23.921,73.25,7.25,24.875,52.5,31.97,,2924.6,0.3,50.0,1.0,0.7,48.42
deepsort,gmot,2,max_dist0.3_max_age50_n_init1_max_iou_dist0.9,0.3,0.5,19.992,-13.231,24.186,73.875,7.375,25.0,51.1,31.96,,2999.9,0.3,50.0,1.0,0.9,47.79
deepsort,gmot,2,max_dist0.3_max_age50_n_init3_max_iou_dist0.5,0.3,0.5,19.184,-8.674,23.48,62.0,6.5,26.125,53.1,30.91,,2847.2,0.3,50.0,3.0,0.5,46.35
deepsort,gmot,2,max_dist0.3_max_age50_n_init3_max_iou_dist0.7,0.3,0.5,19.308,-6.186,23.78,57.0,6.375,26.25,52.2,31.31,,3000.2,0.3,50.0,3.0,0.7,47.17
deepsort,gmot,2,max_dist0.3_max_age50_n_init3_max_iou_dist0.9,0.3,0.5,19.284,-6.838,23.715,61.125,6.0,26.125,51.2,31.28,,2770.1,0.3,50.0,3.0,0.9,47.03
deepsort,gmot,2,max_dist0.3_max_age50_n_init5_max_iou_dist0.5,0.3,0.5,18.413,-0.526,23.442,39.5,4.875,29.375,54.2,30.12,,2845.7,0.3,50.0,5.0,0.5,44.61
deepsort,gmot,2,max_dist0.3_max_age50_n_init5_max_iou_dist0.7,0.3,0.5,18.566,-0.133,23.746,38.25,5.0,29.25,52.1,31.7,,3000.2,0.3,50.0,5.0,0.7,47.06
deepsort,gmot,2,max_dist0.3_max_age50_n_init5_max_iou_dist0.9,0.3,0.5,18.489,-0.778,23.679,40.375,4.375,29.25,52.1,31.46,,2845.9,0.3,50.0,5.0,0.9,48.22
deepsort,gmot,2,max_dist0.3_max_age70_n_init1_max_iou_dist0.5,0.3,0.5,18.746,-25.956,22.188,75.625,7.875,25.0,50.1,32.83,,2770.1,0.3,70.0,1.0,0.5,51.93
deepsort,gmot,2,max_dist0.3_max_age70_n_init1_max_iou_dist0.7,0.3,0.5,19.098,-22.005,22.911,74.875,7.375,25.0,47.7,33.18,,2848.0,0.3,70.0,1.0,0.7,52.05
deepsort,gmot,2,max_dist0.3_max_age70_n_init1_max_iou_dist0.9,0.3,0.5,19.25,-22.012,23.154,77.25,7.5,24.875,50.5,32.89,,2768.8,0.3,70.0,1.0,0.9,50.62
deepsort,gmot,2,max_dist0.3_max_age70_n_init3_max_iou_dist0.5,0.3,0.5,18.586,-15.791,22.388,65.0,6.5,26.125,51.2,32.09,,2925.4,0.3,70.0,3.0,0.5,49.8
deepsort,gmot,2,max_dist0.3_max_age70_n_init3_max_iou_dist0.7,0.3,0.5,18.712,-13.168,22.64,62.125,6.375,26.25,51.6,32.04,,2770.9,0.3,70.0,3.0,0.7,49.38
deepsort,gmot,2,max_dist0.3_max_age70_n_init3_max_iou_dist0.9,0.3,0.5,18.734,-14.245,22.785,65.125,6.125,26.25,50.0,32.49,,2923.3,0.3,70.0,3.0,0.9,49.72
deepsort,gmot,2,max_dist0.3_max_age70_n_init5_max_iou_dist0.5,0.3,0.5,17.855,-5.865,22.364,44.875,4.875,29.0,50.8,31.79,,3000.2,0.3,70.0,5.0,0.5,48.65
deepsort,gmot,2,max_dist0.3_max_age70_n_init5_max_iou_dist0.7,0.3,0.5,17.961,-5.686,22.635,44.625,5.0,29.25,52.7,31.27,,2845.9,0.3,70.0,5.0,0.7,47.67
deepsort,gmot,2,max_dist0.3_max_age70_n_init5_max_iou_dist0.9,0.3,0.5,17.909,-6.45,22.547,47.375,4.5,29.125,49.1,32.55,,2770.9,0.3,70.0,5.0,0.9,50.7
deepsort,gmot,2,max_dist0.3_max_age100_n_init1_max_iou_dist0.5,0.3,0.5,17.835,-35.254,20.721,78.0,7.875,25.0,48.8,33.32,,2846.2,0.3,100.0,1.0,0.5,55.34
deepsort,gmot,2,max_dist0.3_max_age100_n_init1_max_iou_dist0.7,0.3,0.5,18.317,-31.107,21.861,79.25,7.5,24.875,47.4,33.85,,2770.9,0.3,100.0,1.0,0.7,55.5
deepsort,gmot,2,max_dist0.3_max_age100_n_init1_max_iou_dist0.9,0.3,0.5,18.279,-29.76,21.946,77.5,7.625,24.875,47.7,33.83,,2923.3,0.3,100.0,1.0,0.9,54.61
deepsort,gmot,2,max_dist0.3_max_age100_n_init3_max_iou_dist0.5,0.3,0.5,17.865,-22.889,21.297,68.375,6.75,25.875,48.0,33.56,,2999.9,0.3,100.0,3.0,0.5,54.19
deepsort,gmot,2,max_dist0.3_max_age100_n_init3_max_iou_dist0.7,0.3,0.5,18.248,-20.5,22.015,64.125,6.25,26.375,47.9,33.17,,2770.9,0.3,100.0,3.0,0.7,52.93
deepsort,gmot,2,max_dist0.3_max_age100_n_init3_max_iou_dist0.9,0.3,0.5,18.375,-19.988,22.3,64.5,6.0,26.375,47.5,33.5,,2923.5,0.3,100.0,3.0,0.9,52.97
deepsort,gmot,2,max_dist0.3_max_age100_n_init5_max_iou_dist0.5,0.3,0.5,17.345,-10.277,21.688,48.75,4.875,29.0,49.8,32.63,,2847.8,0.3,100.0,5.0,0.5,51.45
deepsort,gmot,2,max_dist0.3_max_age100_n_init5_max_iou_dist0.7,0.3,0.5,17.551,-10.502,21.845,49.5,5.125,29.125,48.6,33.07,,2923.6,0.3,100.0,5.0,0.7,53.2
deepsort,gmot,2,max_dist0.3_max_age100_n_init5_max_iou_dist0.9,0.3,0.5,17.42,-11.49,21.73,52.0,4.75,29.0,49.3,33.02,,2770.9,0.3,100.0,5.0,0.9,53.42
deepsort,gmot,2,max_dist0.5_max_age30_n_init1_max_iou_dist0.5,0.3,0.5,20.364,-3.542,24.795,71.25,7.875,25.125,53.6,30.31,,2925.4,0.5,30.0,1.0,0.5,44.02
deepsort,gmot,2,max_dist0.5_max_age30_n_init1_max_iou_dist0.7,0.3,0.5,20.634,-1.176,25.241,67.0,6.75,25.25,53.6,30.87,,2848.0,0.5,30.0,1.0,0.7,44.86
deepsort,gmot,2,max_dist0.5_max_age30_n_init1_max_iou_dist0.9,0.3,0.5,20.794,-1.239,25.46,68.125,7.125,25.375,53.5,31.64,,2925.4,0.5,30.0,1.0,0.9,47.55
deepsort,gmot,2,max_dist0.5_max_age30_n_init3_max_iou_dist0.5,0.3,0.5,19.92,1.549,25.004,54.75,6.25,26.5,53.1,30.41,,2770.9,0.5,30.0,3.0,0.5,44.22
deepsort,gmot,2,max_dist0.5_max_age30_n_init3_max_iou_dist0.7,0.3,0.5,20.01,3.064,25.089,52.0,5.875,26.625,55.1,29.83,,2848.0,0.5,30.0,3.0,0.7,44.06
deepsort,gmot,2,max_dist0.5_max_age30_n_init3_max_iou_dist0.9,0.3,0.5,20.08,2.771,25.251,53.625,6.0,26.625,55.6,29.8,,2770.9,0.5,30.0,3.0,0.9,43.36
deepsort,gmot,2,max_dist0.5_max_age30_n_init5_max_iou_dist0.5,0.3,0.5,18.894,6.031,24.448,35.625,5.0,30.0,55.0,29.45,,2924.6,0.5,30.0,5.0,0.5,44.17
deepsort,gmot,2,max_dist0.5_max_age30_n_init5_max_iou_dist0.7,0.3,0.5,18.935,6.152,24.334,35.25,4.875,29.75,53.4,30.87,,3000.2,0.5,30.0,5.0,0.7,45.18
deepsort,gmot,2,max_dist0.5_max_age30_n_init5_max_iou_dist0.9,0.3,0.5,18.844,5.16,24.188,37.625,4.5,29.75,53.1,31.12,,2924.6,0.5,30.0,5.0,0.9,45.49
deepsort,gmot,2,max_dist0.5_max_age50_n_init1_max_iou_dist0.5,0.3,0.5,19.49,-16.828,23.449,76.0,7.875,25.25,49.9,33.51,,2769.1,0.5,50.0,1.0,0.5,50.76
deepsort,gmot,2,max_dist0.5_max_age50_n_init1_max_iou_dist0.7,0.3,0.5,19.73,-13.386,23.88,72.125,6.875,25.0,49.9,32.88,,2925.4,0.5,50.0,1.0,0.7,50.52
deepsort,gmot,2,max_dist0.5_max_age50_n_init1_max_iou_dist0.9,0.3,0.5,19.904,-13.404,24.073,72.625,7.375,25.125,49.5,34.07,,2998.6,0.5,50.0,1.0,0.9,51.95
deepsort,gmot,2,max_dist0.5_max_age50_n_init3_max_iou_dist0.5,0.3,0.5,19.177,-8.995,23.476,62.25,6.375,26.375,50.8,32.07,,2923.3,0.5,50.0,3.0,0.5,48.84
deepsort,gmot,2,max_dist0.5_max_age50_n_init3_max_iou_dist0.7,0.3,0.5,19.21,-6.995,23.593,59.625,6.25,26.375,51.2,32.01,,2770.9,0.5,50.0,3.0,0.7,48.63
deepsort,gmot,2,max_dist0.5_max_age50_n_init3_max_iou_dist0.9,0.3,0.5,19.183,-7.325,23.539,61.625,6.0,26.25,49.6,32.88,,2924.6,0.5,50.0,3.0,0.9,50.64
deepsort,gmot,2,max_dist0.5_max_age50_n_init5_max_iou_dist0.5,0.3,0.5,18.419,-0.359,23.398,40.25,4.875,29.375,52.9,30.72,,3000.2,0.5,50.0,5.0,0.5,46.01
deepsort,gmot,2,max_dist0.5_max_age50_n_init5_max_iou_dist0.7,0.3,0.5,18.566,-0.047,23.765,39.0,5.125,28.875,53.7,30.86,,2924.6,0.5,50.0,5.0,0.7,45.44
deepsort,gmot,2,max_dist0.5_max_age50_n_init5_max_iou_dist0.9,0.3,0.5,18.486,-0.796,23.65,40.75,4.375,29.125,53.2,30.56,,2769.1,0.5,50.0,5.0,0.9,44.85
deepsort,gmot,2,max_dist0.5_max_age70_n_init1_max_iou_dist0.5,0.3,0.5,18.834,-25.665,22.34,76.5,7.75,25.25,50.4,32.84,,2925.4,0.5,70.0,1.0,0.5,51.91
deepsort,gmot,2,max_dist0.5_max_age70_n_init1_max_iou_dist0.7,0.3,0.5,19.036,-21.189,22.899,71.625,7.125,24.875,47.9,33.74,,2770.9,0.5,70.0,1.0,0.7,52.55
deepsort,gmot,2,max_dist0.5_max_age70_n_init1_max_iou_dist0.9,0.3,0.5,19.19,-21.701,23.079,74.75,7.5,25.0,50.2,33.18,,2848.0,0.5,70.0,1.0,0.9,52.34
deepsort,gmot,2,max_dist0.5_max_age70_n_init3_max_iou_dist0.5,0.3,0.5,18.545,-16.829,22.379,65.5,6.375,26.25,50.9,32.05,,2770.9,0.5,70.0,3.0,0.5,50.43
deepsort,gmot,2,max_dist0.5_max_age70_n_init3_max_iou_dist0.7,0.3,0.5,18.688,-14.039,22.543,64.25,6.25,26.25,49.5,32.7,,2925.4,0.5,70.0,3.0,0.7,51.82
deepsort,gmot,2,max_dist0.5_max_age70_n_init3_max_iou_dist0.9,0.3,0.5,18.74,-13.589,22.861,64.375,6.125,26.25,48.1,33.14,,2998.7,0.5,70.0,3.0,0.9,52.9
deepsort,gmot,2,max_dist0.5_max_age70_n_init5_max_iou_dist0.5,0.3,0.5,17.996,-5.716,22.58,46.0,4.875,29.0,51.3,31.98,,2848.0,0.5,70.0,5.0,0.5,48.02
deepsort,gmot,2,max_dist0.5_max_age70_n_init5_max_iou_dist0.7,0.3,0.5,17.906,-5.964,22.526,46.625,5.0,28.875,50.3,32.34,,2770.1,0.5,70.0,5.0,0.7,49.58
deepsort,gmot,2,max_dist0.5_max_age70_n_init5_max_iou_dist0.9,0.3,0.5,17.879,-6.706,22.617,49.0,4.375,29.0,50.4,32.12,,2925.4,0.5,70.0,5.0,0.9,49.19
deepsort,gmot,2,max_dist0.5_max_age100_n_init1_max_iou_dist0.5,0.3,0.5,17.875,-34.725,20.777,76.75,7.625,25.25,49.7,32.98,,2770.9,0.5,100.0,1.0,0.5,53.68
deepsort,gmot,2,max_dist0.5_max_age100_n_init1_max_iou_dist0.7,0.3,0.5,18.178,-29.107,21.816,73.625,7.125,24.875,49.0,33.59,,2923.3,0.5,100.0,1.0,0.7,53.97
deepsort,gmot,2,max_dist0.5_max_age100_n_init1_max_iou_dist0.9,0.3,0.5,18.291,-30.15,21.884,78.25,7.5,24.875,48.4,33.62,,2847.2,0.5,100.0,1.0,0.9,55.7
deepsort,gmot,2,max_dist0.5_max_age100_n_init3_max_iou_dist0.5,0.3,0.5,17.885,-23.915,21.305,69.375,6.625,26.125,50.1,32.98,,3000.2,0.5,100.0,3.0,0.5,53.34
deepsort,gmot,2,max_dist0.5_max_age100_n_init3_max_iou_dist0.7,0.3,0.5,18.267,-20.192,21.948,64.75,6.125,26.25,48.7,33.29,,2770.9,0.5,100.0,3.0,0.7,53.11
deepsort,gmot,2,max_dist0.5_max_age100_n_init3_max_iou_dist0.9,0.3,0.5,18.345,-20.657,22.09,67.25,6.125,26.375,46.9,34.88,,2848.0,0.5,100.0,3.0,0.9,57.82
deepsort,gmot,2,max_dist0.5_max_age100_n_init5_max_iou_dist0.5,0.3,0.5,17.492,-11.005,21.796,50.75,4.875,29.0,49.8,33.39,,2770.9,0.5,100.0,5.0,0.5,52.29
deepsort,gmot,2,max_dist0.5_max_age100_n_init5_max_iou_dist0.7,0.3,0.5,17.47,-10.543,21.668,52.0,5.125,28.75,46.8,35.27,,2925.4,0.5,100.0,5.0,0.7,57.21
deepsort,gmot,2,max_dist0.5_max_age100_n_init5_max_iou_dist0.9,0.3,0.5,17.364,-11.198,21.753,53.25,4.625,28.875,44.1,33.8,,2770.9,0.5,100.0,5.0,0.9,53.96
